,,2017 order data,,,,,
,,,,,,,
Order ID,Customer,Item Shipped,Revenue,Cost,Order Date,Ship Date,Order Status
413383,152689 - Zomato,662,2819,1111,43100,43105,Shipped
751142,985245 -Quick Bite,645,2212,1749,43100,43104,Shipped
876056,985245 -Quick Bite,299,1458,1653,43099,43103,Shipped
548247,985245 -Quick Bite,937,3342,2182,43099,43103,Shipped
626350,152689 - Zomato,259,2957,937,43098,43103,Shipped
200181,325698 - Readyfood,473,3809,596,43099,43102,Shipped
711368,152689 - Zomato,263,3303,2194,43097,43102,Shipped
958419,325698 - Readyfood,330,1185,1369,43098,43101,Shipped
808349,985245 -Quick Bite,199,4470,1020,43098,43101,Shipped
392582,985245 -Quick Bite,405,4588,1417,43097,43101,Shipped
415147,152689 - Zomato,298,4628,1588,43096,43101,Shipped
656789,325698 - Readyfood,504,2246,916,43097,43099,Shipped
247229,325698 - Readyfood,162,3101,1304,43096,43099,Shipped
532184,985245 -Quick Bite,908,1457,1511,43095,43099,Shipped
412714,325698 - Readyfood,637,4410,559,43096,43098,Shipped
771432,325698 - Readyfood,926,1087,2186,43096,43098,Shipped
363695,FoodJunction,520,1348,864,43093,43098,Shipped
395821,452584 - Foodies,364,2597,2085,43095,43097,Shipped
234191,325698 - Readyfood,805,4163,1365,43095,43097,Shipped
584039,325698 - Readyfood,817,2488,1435,43095,43097,Shipped
463601,325698 - Readyfood,768,2458,2181,43095,43097,Shipped
826310,325698 - Readyfood,452,3153,1781,43095,43097,Shipped
942932,985245 -Quick Bite,969,4871,2188,43093,43096,Shipped
661123,985245 -Quick Bite,324,910,1495,43093,43096,Shipped
325363,985245 -Quick Bite,915,2114,2492,43092,43096,Shipped
510867,985245 -Quick Bite,160,3425,1921,43092,43096,Shipped
528961,325698 - Readyfood,203,3933,738,43092,43095,Shipped
245351,985245 -Quick Bite,732,4221,1854,43091,43095,Shipped
192645,325698 - Readyfood,179,1724,845,43092,43094,Shipped
742364,452584 - Foodies,860,3439,861,43091,43093,Shipped
515027,152689 - Zomato,365,623,2209,43088,43093,Shipped
481884,325698 - Readyfood,966,3014,1285,43090,43092,Shipped
843491,325698 - Readyfood,903,4840,590,43090,43092,Shipped
141948,985245 -Quick Bite,728,3118,1676,43088,43092,Shipped
887683,985245 -Quick Bite,475,3808,1570,43088,43092,Shipped
709704,985245 -Quick Bite,611,882,1096,43087,43091,Shipped
241322,985245 -Quick Bite,618,2144,1326,43087,43091,Shipped
814674,152689 - Zomato,542,4253,1958,43085,43090,Shipped
336048,152689 - Zomato,803,953,1565,43084,43089,Shipped
701509,152689 - Zomato,369,4151,1865,43084,43089,Shipped
576307,152689 - Zomato,540,4021,1992,43084,43089,Shipped
344339,152689 - Zomato,209,3151,2417,43083,43089,Shipped
881420,985245 -Quick Bite,133,4436,1273,43084,43088,Shipped
451231,325698 - Readyfood,669,1137,567,43085,43087,Shipped
108434,152689 - Zomato,567,3070,2154,43082,43087,Shipped
449832,FoodJunction,567,2395,1220,43081,43086,Shipped
890442,FoodJunction,678,1781,1743,43080,43085,Shipped
331556,985245 -Quick Bite,471,530,523,43080,43084,Shipped
681122,152689 - Zomato,541,1689,891,43079,43084,Shipped
231255,985245 -Quick Bite,922,3589,665,43080,43083,Shipped
746823,985245 -Quick Bite,767,4478,1100,43079,43083,Shipped
451315,325698 - Readyfood,737,1255,2115,43080,43082,Shipped
204675,152689 - Zomato,179,3154,1030,43077,43082,Shipped
144951,452584 - Foodies,586,1080,1839,43078,43080,Shipped
567318,325698 - Readyfood,811,4257,1266,43078,43080,Shipped
127517,325698 - Readyfood,180,3561,528,43078,43080,Shipped
439440,452584 - Foodies,597,3356,1386,43077,43079,Shipped
258897,325698 - Readyfood,213,2765,1067,43077,43079,Shipped
962834,985245 -Quick Bite,101,3716,878,43075,43079,Shipped
409682,152689 - Zomato,992,1882,1178,43073,43078,Shipped
XXXXXX,XXXXXX - Promo,899,590,572,43075,43077,Shipped
769928,325698 - Readyfood,663,2271,1862,43075,43077,Shipped
264008,FoodJunction,405,2308,669,43073,43077,Shipped
851540,325698 - Readyfood,656,4157,1847,43073,43076,Shipped
939071,FoodJunction,809,3471,2463,43071,43076,Shipped
280732,985245 -Quick Bite,745,2906,1677,43071,43075,Shipped
756135,FoodJunction,719,3423,1516,43070,43075,Shipped
871605,152689 - Zomato,881,1800,1573,43070,43075,Shipped
771452,325698 - Readyfood,955,1550,2286,43071,43074,Shipped
897246,FoodJunction,400,2640,915,43069,43074,Shipped
887504,152689 - Zomato,869,839,2104,43069,43074,Shipped
XXXXXX,XXXXXX - Promo,726,1518,2377,43071,43073,Shipped
392541,325698 - Readyfood,900,4860,1692,43070,43073,Shipped
324745,152689 - Zomato,499,715,911,43068,43073,Shipped
522454,452584 - Foodies,926,2473,2155,43070,43072,Shipped
402665,325698 - Readyfood,251,3630,2350,43070,43072,Shipped
456010,152689 - Zomato,564,4747,1855,43067,43072,Shipped
322730,985245 -Quick Bite,126,1383,1651,43067,43071,Shipped
XXXXXX,XXXXXX - Promo,795,1613,1588,43068,43070,Shipped
578631,325698 - Readyfood,809,4279,1174,43068,43070,Shipped
147424,152689 - Zomato,148,2041,1986,43065,43070,Shipped
971773,325698 - Readyfood,641,3292,989,43067,43069,Shipped
903848,325698 - Readyfood,781,4555,514,43067,43069,Shipped
558199,985245 -Quick Bite,636,2478,2259,43066,43069,Shipped
681993,152689 - Zomato,384,2626,652,43064,43069,Shipped
214016,FoodJunction,580,1923,1161,43064,43068,Shipped
773259,FoodJunction,541,540,1942,43063,43068,Shipped
994115,152689 - Zomato,409,4130,1625,43063,43068,Shipped
629859,325698 - Readyfood,514,4753,2051,43065,43067,Shipped
558505,FoodJunction,586,989,1225,43062,43067,Shipped
978944,FoodJunction,211,2408,2444,43062,43067,Shipped
782368,985245 -Quick Bite,701,2691,1968,43062,43066,Shipped
778964,FoodJunction,500,1269,1938,43061,43066,Shipped
859406,FoodJunction,238,4864,971,43061,43065,Shipped
135342,FoodJunction,897,1780,956,43060,43065,Shipped
300256,452584 - Foodies,954,2812,1978,43062,43064,Shipped
704335,325698 - Readyfood,395,3543,1089,43061,43064,Shipped
750597,985245 -Quick Bite,325,3774,1899,43060,43064,Shipped
673063,FoodJunction,522,3245,2354,43059,43064,Shipped
168472,325698 - Readyfood,763,2608,1254,43061,43063,Shipped
534373,325698 - Readyfood,425,1283,1558,43061,43063,Shipped
396324,FoodJunction,205,3068,1045,43058,43063,Shipped
567878,452584 - Foodies,328,4638,719,43060,43062,Shipped
638692,452584 - Foodies,874,3635,551,43060,43062,Shipped
376991,985245 -Quick Bite,188,3691,2121,43058,43062,Shipped
662094,FoodJunction,933,3147,1995,43058,43062,Shipped
848797,152689 - Zomato,281,3099,2442,43057,43062,Shipped
325722,325698 - Readyfood,523,3640,1278,43059,43061,Shipped
731926,985245 -Quick Bite,333,4174,1498,43057,43061,Shipped
512156,985245 -Quick Bite,584,2573,1640,43057,43060,Shipped
122674,985245 -Quick Bite,884,4863,1459,43056,43060,Shipped
529258,152689 - Zomato,702,4623,1583,43055,43060,Shipped
182760,152689 - Zomato,939,1783,1439,43055,43060,Shipped
788942,325698 - Readyfood,441,3966,1924,43057,43059,Shipped
637784,FoodJunction,560,3635,2203,43054,43059,Shipped
276390,325698 - Readyfood,732,1318,1307,43056,43058,Shipped
976271,325698 - Readyfood,100,1368,892,43056,43058,Shipped
XXXXXX,XXXXXX - Promo,452,2655,1293,43055,43057,Shipped
213148,985245 -Quick Bite,651,1029,1383,43054,43057,Shipped
304591,985245 -Quick Bite,631,3169,1205,43052,43056,Shipped
451144,FoodJunction,628,3848,2465,43051,43056,Shipped
289011,FoodJunction,614,1466,1092,43051,43056,Shipped
150718,325698 - Readyfood,503,4538,1746,43053,43055,Shipped
824241,985245 -Quick Bite,427,2187,1927,43052,43055,Shipped
800224,152689 - Zomato,401,1792,1296,43050,43055,Shipped
418154,985245 -Quick Bite,704,1029,2426,43050,43054,Shipped
921011,FoodJunction,415,2973,629,43050,43054,Shipped
426239,152689 - Zomato,413,2651,1804,43049,43054,Shipped
916225,152689 - Zomato,588,2162,2312,43048,43053,Shipped
572103,452584 - Foodies,638,2496,1556,43050,43052,Shipped
717200,325698 - Readyfood,914,3623,821,43050,43052,Shipped
613916,325698 - Readyfood,320,1853,2023,43047,43049,Shipped
660260,325698 - Readyfood,821,4522,1366,43047,43049,Shipped
231823,152689 - Zomato,470,3447,1318,43044,43049,Shipped
747451,325698 - Readyfood,253,1382,1525,43046,43048,Shipped
559170,325698 - Readyfood,787,4786,814,43044,43046,Shipped
894307,325698 - Readyfood,1000,1086,873,43044,43046,Shipped
266303,985245 -Quick Bite,185,3167,760,43043,43046,Shipped
325582,152689 - Zomato,449,1363,1835,43041,43046,Shipped
444853,985245 -Quick Bite,903,3645,1979,43041,43045,Shipped
681143,FoodJunction,420,3736,1745,43041,43045,Shipped
993432,325698 - Readyfood,722,3175,1679,43041,43044,Shipped
789672,985245 -Quick Bite,540,2271,2092,43041,43044,Shipped
931362,985245 -Quick Bite,424,3828,2472,43040,43044,Shipped
117646,152689 - Zomato,615,3181,1093,43039,43044,Shipped
469775,985245 -Quick Bite,880,2043,714,43040,43043,Shipped
303439,325698 - Readyfood,294,3785,540,43040,43042,Shipped
221721,325698 - Readyfood,101,3614,1981,43040,43042,Shipped
777018,325698 - Readyfood,620,3923,750,43039,43042,Shipped
525823,985245 -Quick Bite,598,2066,2422,43038,43042,Shipped
957273,452584 - Foodies,493,1015,1145,43039,43041,Shipped
586527,152689 - Zomato,915,1293,2317,43036,43041,Shipped
434380,325698 - Readyfood,561,4491,904,43036,43039,Shipped
846605,985245 -Quick Bite,738,2724,1777,43036,43039,Shipped
827225,985245 -Quick Bite,720,2092,717,43035,43039,Shipped
464618,452584 - Foodies,778,1988,725,43034,43036,Shipped
603607,325698 - Readyfood,251,516,1254,43034,43036,Shipped
292683,152689 - Zomato,389,1452,1292,43031,43036,Shipped
430954,325698 - Readyfood,313,1078,1457,43033,43035,Shipped
693438,325698 - Readyfood,485,2042,734,43032,43035,Shipped
783252,152689 - Zomato,743,2701,892,43030,43035,Shipped
187764,325698 - Readyfood,359,1359,835,43032,43034,Shipped
378251,FoodJunction,700,4967,1485,43029,43034,Shipped
710626,152689 - Zomato,392,3604,2037,43029,43034,Shipped
377129,325698 - Readyfood,114,3173,2478,43031,43033,Shipped
257728,325698 - Readyfood,167,1541,2272,43030,43033,Shipped
570947,152689 - Zomato,802,2935,960,43028,43033,Shipped
138168,325698 - Readyfood,846,788,2062,43030,43032,Shipped
138939,152689 - Zomato,440,4026,1789,43027,43032,Shipped
878328,FoodJunction,809,3190,583,43026,43031,Shipped
708058,325698 - Readyfood,437,3351,1311,43028,43030,Shipped
268296,325698 - Readyfood,639,2940,892,43027,43030,Shipped
830105,FoodJunction,993,2099,955,43025,43030,Shipped
399353,325698 - Readyfood,173,3781,2365,43027,43029,Shipped
385489,325698 - Readyfood,408,3322,582,43027,43029,Shipped
636900,FoodJunction,639,3176,2435,43024,43029,Shipped
473127,152689 - Zomato,282,774,876,43022,43027,Shipped
551726,985245 -Quick Bite,900,1627,1414,43023,43026,Shipped
719068,FoodJunction,467,2749,2406,43021,43026,Shipped
441614,FoodJunction,681,2838,1932,43020,43025,Shipped
548124,325698 - Readyfood,102,2927,1553,43022,43024,Shipped
877715,325698 - Readyfood,891,2319,1233,43021,43024,Shipped
956095,985245 -Quick Bite,462,2814,1315,43021,43024,Shipped
144597,985245 -Quick Bite,303,4914,1357,43020,43024,Shipped
105886,985245 -Quick Bite,394,633,1466,43020,43024,Shipped
128051,152689 - Zomato,767,4290,1968,43019,43024,Shipped
546717,152689 - Zomato,464,3665,1280,43019,43024,Shipped
951311,152689 - Zomato,788,3812,2389,43019,43024,Shipped
630749,452584 - Foodies,273,3349,1456,43021,43023,Shipped
673425,985245 -Quick Bite,599,4850,2462,43019,43023,Shipped
477121,FoodJunction,904,3911,1602,43018,43023,Shipped
860562,152689 - Zomato,109,3990,1993,43018,43023,Shipped
187777,152689 - Zomato,908,1021,1878,43018,43023,Shipped
662674,452584 - Foodies,428,1340,2255,43020,43022,Shipped
906411,325698 - Readyfood,150,3041,721,43019,43021,Shipped
725282,985245 -Quick Bite,965,2754,2056,43017,43021,Shipped
589922,985245 -Quick Bite,703,1709,1821,43017,43021,Shipped
282180,FoodJunction,609,2458,954,43016,43021,Shipped
171734,325698 - Readyfood,805,3755,1815,43018,43020,Shipped
700155,985245 -Quick Bite,151,1684,1470,43016,43020,Shipped
311278,FoodJunction,319,4507,982,43016,43020,Shipped
142820,152689 - Zomato,509,1123,891,43014,43020,Shipped
794609,452584 - Foodies,421,2129,1598,43017,43019,Shipped
950458,325698 - Readyfood,249,3383,1917,43017,43019,Shipped
141474,FoodJunction,499,1851,1617,43015,43019,Shipped
216808,FoodJunction,215,4990,1042,43014,43019,Shipped
554569,325698 - Readyfood,628,1409,1919,43015,43017,Shipped
498706,325698 - Readyfood,114,2264,1759,43014,43017,Shipped
246626,985245 -Quick Bite,869,504,1334,43013,43017,Shipped
521886,FoodJunction,253,4682,952,43012,43017,Shipped
XXXXXX,XXXXXX - Promo,856,2057,587,43013,43015,Shipped
313500,985245 -Quick Bite,175,4939,1067,43011,43015,Shipped
108440,152689 - Zomato,845,2940,1354,43010,43015,Shipped
633331,325698 - Readyfood,683,1263,1481,43012,43014,Shipped
871676,985245 -Quick Bite,669,4327,1239,43010,43014,Shipped
369239,FoodJunction,665,2853,1027,43009,43014,Shipped
690844,152689 - Zomato,966,3523,1061,43009,43014,Shipped
425299,452584 - Foodies,574,2484,1564,43011,43013,Shipped
473665,452584 - Foodies,663,1009,2099,43010,43012,Shipped
252449,985245 -Quick Bite,962,2682,1663,43008,43012,Shipped
196953,325698 - Readyfood,757,2553,825,43009,43011,Shipped
174067,325698 - Readyfood,539,4144,1369,43009,43011,Shipped
670189,325698 - Readyfood,903,533,1217,43008,43010,Shipped
414251,FoodJunction,764,4367,828,43006,43010,Shipped
842561,152689 - Zomato,811,1084,2085,43005,43010,Shipped
128273,152689 - Zomato,345,4122,2060,43005,43010,Shipped
342085,152689 - Zomato,639,3748,1793,43004,43010,Shipped
512151,325698 - Readyfood,221,845,611,43007,43009,Shipped
605022,985245 -Quick Bite,192,2311,1065,43005,43009,Shipped
880643,FoodJunction,255,3833,1429,43004,43009,Shipped
813357,152689 - Zomato,716,4908,536,43004,43009,Shipped
370020,325698 - Readyfood,455,3914,2106,43006,43008,Shipped
661724,FoodJunction,807,2304,2354,43003,43008,Shipped
329404,152689 - Zomato,559,4276,1656,43002,43008,Shipped
312503,325698 - Readyfood,414,4155,1728,43005,43007,Shipped
746462,325698 - Readyfood,452,1177,879,43004,43007,Shipped
670237,325698 - Readyfood,437,2343,1322,43004,43006,Shipped
621395,325698 - Readyfood,205,1956,1039,43004,43006,Shipped
974004,325698 - Readyfood,297,1974,1242,43003,43005,Shipped
378960,325698 - Readyfood,903,786,500,43003,43005,Shipped
530416,325698 - Readyfood,961,1253,2199,43002,43005,Shipped
251025,FoodJunction,291,3890,1500,43000,43005,Shipped
886101,FoodJunction,650,739,2267,42999,43004,Shipped
185315,FoodJunction,276,1554,2004,42999,43004,Shipped
451038,152689 - Zomato,765,1069,1078,42999,43004,Shipped
463848,152689 - Zomato,125,2760,1175,42999,43004,Shipped
512022,152689 - Zomato,783,1261,2149,42998,43004,Shipped
512882,325698 - Readyfood,396,3594,1142,43001,43003,Shipped
200513,452584 - Foodies,924,756,2032,43000,43002,Shipped
820296,152689 - Zomato,441,4692,2496,42997,43002,Shipped
396627,452584 - Foodies,863,3318,956,42999,43001,Shipped
157286,325698 - Readyfood,450,4676,1400,42999,43001,Shipped
943430,325698 - Readyfood,182,2410,513,42998,43000,Shipped
565177,152689 - Zomato,537,534,1296,42995,43000,Shipped
234614,985245 -Quick Bite,216,4298,2264,42995,42999,Shipped
595618,325698 - Readyfood,862,3542,774,42996,42998,Shipped
269756,985245 -Quick Bite,669,3357,2137,42994,42998,Shipped
409944,152689 - Zomato,768,3470,895,42993,42998,Shipped
211807,325698 - Readyfood,179,3543,1721,42995,42997,Shipped
929839,FoodJunction,381,4376,1107,42992,42997,Shipped
297970,985245 -Quick Bite,905,2093,515,42992,42996,Shipped
549314,FoodJunction,580,2360,1065,42992,42996,Shipped
163017,FoodJunction,550,2456,2427,42991,42996,Shipped
891248,FoodJunction,727,3724,1866,42991,42996,Shipped
899519,452584 - Foodies,788,832,837,42993,42995,Shipped
967149,325698 - Readyfood,358,4052,1347,42993,42995,Shipped
767274,152689 - Zomato,614,4668,1823,42990,42995,Shipped
779415,325698 - Readyfood,420,906,859,42992,42994,Shipped
903575,325698 - Readyfood,468,2882,1776,42992,42994,Shipped
506637,325698 - Readyfood,255,4982,2430,42992,42994,Shipped
120946,152689 - Zomato,469,4266,1916,42989,42994,Shipped
930934,325698 - Readyfood,107,2212,2420,42991,42993,Shipped
749930,985245 -Quick Bite,976,2160,591,42989,42993,Shipped
703382,452584 - Foodies,335,3478,1140,42990,42992,Shipped
329723,152689 - Zomato,985,4656,849,42987,42992,Shipped
424746,152689 - Zomato,716,4988,755,42987,42992,Shipped
556885,985245 -Quick Bite,774,2179,1306,42987,42991,Shipped
663009,152689 - Zomato,758,1519,2114,42986,42991,Shipped
634507,152689 - Zomato,991,2771,1595,42986,42991,Shipped
247112,325698 - Readyfood,115,2422,780,42987,42989,Shipped
135896,FoodJunction,592,2251,2090,42983,42988,Shipped
161633,325698 - Readyfood,977,4242,869,42985,42987,Shipped
395060,325698 - Readyfood,839,940,1622,42985,42987,Shipped
798935,325698 - Readyfood,145,4203,1694,42985,42987,Shipped
891332,985245 -Quick Bite,460,4517,2081,42984,42987,Shipped
559744,152689 - Zomato,242,978,1478,42982,42987,Shipped
907552,152689 - Zomato,249,4301,2100,42982,42987,Shipped
466576,325698 - Readyfood,739,3985,1864,42984,42986,Shipped
254665,FoodJunction,256,3740,2189,42981,42986,Shipped
694712,FoodJunction,316,4229,1449,42980,42984,Shipped
575481,152689 - Zomato,405,4131,1617,42979,42984,Shipped
252864,FoodJunction,930,1101,2050,42978,42983,Shipped
280959,325698 - Readyfood,629,2413,1121,42980,42982,Shipped
181200,FoodJunction,952,2432,2348,42977,42982,Shipped
768738,452584 - Foodies,353,1481,1981,42978,42980,Shipped
747478,325698 - Readyfood,155,4111,1524,42978,42980,Shipped
203607,325698 - Readyfood,953,3320,1011,42978,42980,Shipped
195565,985245 -Quick Bite,221,1995,1245,42975,42979,Shipped
865714,985245 -Quick Bite,868,3278,2020,42975,42979,Shipped
650269,325698 - Readyfood,496,2712,1304,42975,42977,Shipped
241361,325698 - Readyfood,162,1189,1537,42975,42977,Shipped
770527,985245 -Quick Bite,781,990,1940,42971,42975,Shipped
431541,152689 - Zomato,705,4825,1031,42970,42975,Shipped
376055,985245 -Quick Bite,178,1232,1846,42970,42974,Shipped
254438,FoodJunction,844,2578,1984,42969,42974,Shipped
621522,985245 -Quick Bite,530,4989,1716,42969,42973,Shipped
643757,152689 - Zomato,578,1792,1383,42968,42973,Shipped
289827,325698 - Readyfood,485,4865,2004,42970,42972,Shipped
354235,985245 -Quick Bite,987,4146,524,42969,42972,Shipped
760812,325698 - Readyfood,895,3249,1984,42969,42971,Shipped
168287,985245 -Quick Bite,745,3092,2330,42967,42971,Shipped
XXXXXX,XXXXXX - Promo,749,1154,917,42968,42970,Shipped
614479,325698 - Readyfood,976,4439,1345,42968,42970,Shipped
404823,325698 - Readyfood,196,3097,2461,42968,42970,Shipped
134451,985245 -Quick Bite,216,2428,1617,42967,42970,Shipped
316175,152689 - Zomato,329,1036,1431,42965,42970,Shipped
844220,152689 - Zomato,844,4304,2123,42965,42970,Shipped
170598,325698 - Readyfood,234,610,1329,42967,42969,Shipped
666910,325698 - Readyfood,419,2532,1972,42967,42969,Shipped
636552,152689 - Zomato,404,3167,1509,42964,42969,Shipped
784583,325698 - Readyfood,503,4042,674,42966,42968,Shipped
422853,985245 -Quick Bite,118,4932,2449,42964,42968,Shipped
957758,985245 -Quick Bite,658,2391,522,42964,42968,Shipped
353264,325698 - Readyfood,417,4059,1421,42965,42967,Shipped
718485,FoodJunction,507,2160,1381,42962,42966,Shipped
604637,452584 - Foodies,238,1638,1151,42963,42965,Shipped
875175,325698 - Readyfood,111,4075,866,42963,42965,Shipped
446162,325698 - Readyfood,325,1847,2198,42963,42965,Shipped
239584,152689 - Zomato,635,2694,1092,42960,42965,Shipped
683924,985245 -Quick Bite,146,1308,1605,42960,42964,Shipped
447395,325698 - Readyfood,103,1843,659,42961,42963,Shipped
649229,FoodJunction,225,930,831,42958,42963,Shipped
400758,FoodJunction,883,1904,2085,42958,42963,Shipped
799286,325698 - Readyfood,482,4733,2002,42960,42962,Shipped
604712,985245 -Quick Bite,737,4840,1033,42958,42962,Shipped
443368,325698 - Readyfood,738,3369,1609,42959,42961,Shipped
989107,325698 - Readyfood,700,988,1073,42959,42961,Shipped
691871,325698 - Readyfood,196,4839,717,42959,42961,Shipped
545969,FoodJunction,510,2246,2078,42956,42961,Shipped
382063,152689 - Zomato,513,4485,1050,42956,42961,Shipped
399502,325698 - Readyfood,812,2429,1003,42958,42960,Shipped
752054,325698 - Readyfood,925,4500,2495,42958,42960,Shipped
542589,985245 -Quick Bite,370,2990,1046,42957,42960,Shipped
933720,985245 -Quick Bite,949,3583,579,42955,42959,Shipped
348782,FoodJunction,357,1027,1321,42955,42959,Shipped
670668,FoodJunction,663,1505,1215,42955,42959,Shipped
521982,FoodJunction,790,3073,1077,42955,42959,Shipped
943720,152689 - Zomato,230,745,756,42954,42959,Shipped
636547,985245 -Quick Bite,856,876,1742,42954,42958,Shipped
409179,FoodJunction,144,949,1933,42952,42957,Shipped
913978,985245 -Quick Bite,298,1290,2494,42952,42956,Shipped
694664,FoodJunction,394,4202,1224,42951,42956,Shipped
219735,325698 - Readyfood,310,2159,1082,42953,42955,Shipped
288061,985245 -Quick Bite,611,4189,1230,42951,42955,Shipped
904199,452584 - Foodies,873,1878,1202,42952,42954,Shipped
991596,325698 - Readyfood,379,1390,1893,42952,42954,Shipped
301044,985245 -Quick Bite,830,2413,984,42950,42954,Shipped
404927,985245 -Quick Bite,334,3920,2395,42950,42954,Shipped
543788,152689 - Zomato,132,506,2303,42949,42954,Shipped
670979,452584 - Foodies,593,714,1452,42951,42953,Shipped
475400,325698 - Readyfood,183,2246,608,42950,42953,Shipped
713112,985245 -Quick Bite,115,3087,1899,42950,42953,Shipped
193234,985245 -Quick Bite,673,1915,1281,42949,42953,Shipped
641426,152689 - Zomato,432,2751,1351,42948,42953,Shipped
344460,452584 - Foodies,811,4086,2003,42950,42952,Shipped
301493,325698 - Readyfood,294,3188,845,42950,42952,Shipped
173158,985245 -Quick Bite,210,3502,1346,42947,42951,Shipped
428809,985245 -Quick Bite,784,3397,606,42947,42951,Shipped
841353,152689 - Zomato,319,3926,1422,42946,42951,Shipped
783948,325698 - Readyfood,769,1688,2298,42948,42950,Shipped
902239,152689 - Zomato,550,2438,736,42945,42950,Shipped
225524,452584 - Foodies,702,1866,2082,42947,42949,Shipped
856398,325698 - Readyfood,250,3173,698,42947,42949,Shipped
830359,152689 - Zomato,883,1011,1141,42944,42949,Shipped
643192,985245 -Quick Bite,637,2953,716,42944,42948,Shipped
925010,985245 -Quick Bite,897,4783,566,42943,42947,Shipped
503099,152689 - Zomato,357,1120,960,42941,42947,Shipped
247706,152689 - Zomato,518,1900,1653,42941,42946,Shipped
501436,325698 - Readyfood,910,2565,1048,42943,42945,Shipped
493341,985245 -Quick Bite,545,4935,1852,42942,42945,Shipped
399796,325698 - Readyfood,933,4730,999,42942,42944,Shipped
771753,985245 -Quick Bite,805,3235,1456,42940,42944,Shipped
816130,FoodJunction,905,1944,1912,42939,42944,Shipped
178204,325698 - Readyfood,942,1375,2192,42940,42942,Shipped
956101,325698 - Readyfood,717,3895,1441,42940,42942,Shipped
862008,FoodJunction,675,2345,1066,42938,42942,Shipped
585388,152689 - Zomato,498,4992,669,42937,42942,Shipped
575344,152689 - Zomato,621,4515,783,42937,42942,Shipped
321948,152689 - Zomato,689,4681,2165,42937,42942,Shipped
488596,985245 -Quick Bite,928,3420,1603,42937,42941,Shipped
483172,FoodJunction,572,4999,2344,42936,42941,Shipped
216648,FoodJunction,175,4014,1800,42936,42941,Shipped
206597,152689 - Zomato,885,1186,1130,42936,42941,Shipped
180091,985245 -Quick Bite,117,2154,2211,42936,42940,Shipped
378488,452584 - Foodies,554,723,1294,42937,42939,Shipped
985634,452584 - Foodies,501,3426,2306,42937,42939,Shipped
170559,325698 - Readyfood,574,4729,2155,42937,42939,Shipped
929419,FoodJunction,369,4700,1012,42934,42939,Shipped
434242,152689 - Zomato,981,3667,2417,42934,42939,Shipped
353071,452584 - Foodies,197,1911,2207,42936,42938,Shipped
888380,985245 -Quick Bite,541,1647,2389,42934,42938,Shipped
498170,FoodJunction,229,2815,1156,42933,42938,Shipped
730647,985245 -Quick Bite,653,4018,622,42933,42937,Shipped
270158,FoodJunction,675,4630,1006,42933,42937,Shipped
332208,152689 - Zomato,809,4959,1673,42932,42937,Shipped
356140,985245 -Quick Bite,587,1770,1668,42930,42934,Shipped
420419,985245 -Quick Bite,325,2988,907,42930,42934,Shipped
594374,152689 - Zomato,494,3260,549,42927,42933,Shipped
390065,FoodJunction,882,4459,2062,42927,42932,Shipped
780820,152689 - Zomato,480,2296,1454,42926,42931,Shipped
912602,985245 -Quick Bite,150,2919,1888,42926,42930,Shipped
236591,152689 - Zomato,764,2965,2363,42925,42930,Shipped
721026,152689 - Zomato,498,1882,2118,42925,42930,Shipped
394929,325698 - Readyfood,351,4904,1072,42927,42929,Shipped
604236,325698 - Readyfood,698,1758,2335,42925,42928,Shipped
575636,985245 -Quick Bite,374,4326,2473,42924,42928,Shipped
971373,452584 - Foodies,838,774,2011,42925,42927,Shipped
991506,325698 - Readyfood,580,791,2156,42925,42927,Shipped
781165,325698 - Readyfood,637,3273,1357,42924,42926,Shipped
487916,452584 - Foodies,201,2565,1830,42923,42925,Shipped
976082,325698 - Readyfood,423,741,1822,42923,42925,Shipped
407642,325698 - Readyfood,632,1197,1347,42922,42925,Shipped
901766,985245 -Quick Bite,912,4097,1414,42921,42925,Shipped
596928,FoodJunction,391,2261,1950,42921,42925,Shipped
577625,FoodJunction,903,1077,791,42920,42925,Shipped
269402,325698 - Readyfood,236,1298,1885,42921,42924,Shipped
185173,985245 -Quick Bite,301,2213,2378,42919,42923,Shipped
694018,985245 -Quick Bite,404,2242,577,42919,42923,Shipped
934023,985245 -Quick Bite,536,3248,591,42918,42922,Shipped
450108,FoodJunction,727,3631,1025,42917,42922,Shipped
XXXXXX,XXXXXX - Promo,687,4593,1746,42918,42920,Shipped
260033,985245 -Quick Bite,954,2612,1254,42916,42920,Shipped
410456,FoodJunction,698,1530,2434,42915,42920,Shipped
243408,325698 - Readyfood,997,4285,1127,42917,42919,Shipped
472264,325698 - Readyfood,444,3774,1493,42916,42918,Shipped
376252,FoodJunction,892,3201,502,42913,42918,Shipped
486537,452584 - Foodies,194,2211,1093,42915,42917,Shipped
635008,325698 - Readyfood,530,3383,1539,42915,42917,Shipped
895772,152689 - Zomato,516,3266,640,42912,42917,Shipped
337247,985245 -Quick Bite,934,1459,1531,42913,42916,Shipped
546541,985245 -Quick Bite,617,4983,568,42912,42916,Shipped
566248,FoodJunction,160,4536,1354,42911,42916,Shipped
487675,452584 - Foodies,180,2416,1199,42913,42915,Shipped
315495,152689 - Zomato,564,597,534,42910,42915,Shipped
753483,452584 - Foodies,452,742,864,42912,42914,Shipped
477132,325698 - Readyfood,738,1674,582,42912,42914,Shipped
964261,985245 -Quick Bite,491,2902,2225,42910,42914,Shipped
151955,985245 -Quick Bite,720,2932,514,42910,42914,Shipped
503730,985245 -Quick Bite,233,4381,812,42910,42914,Shipped
562846,FoodJunction,441,4019,1502,42909,42914,Shipped
939774,152689 - Zomato,535,2668,539,42909,42914,Shipped
696915,325698 - Readyfood,525,4764,1817,42910,42913,Shipped
686230,152689 - Zomato,264,4266,2096,42908,42913,Shipped
840155,325698 - Readyfood,661,1668,1979,42910,42912,Shipped
616162,FoodJunction,987,3062,2291,42908,42912,Shipped
474993,FoodJunction,235,4581,1738,42908,42912,Shipped
144552,152689 - Zomato,923,3000,2072,42907,42912,Shipped
839382,325698 - Readyfood,667,652,1148,42909,42911,Shipped
912936,325698 - Readyfood,316,3407,662,42908,42911,Shipped
102733,985245 -Quick Bite,600,4276,1179,42908,42911,Shipped
742624,985245 -Quick Bite,543,3768,1860,42907,42911,Shipped
136952,FoodJunction,686,4080,511,42906,42911,Shipped
830715,325698 - Readyfood,453,3260,2097,42908,42910,Shipped
341804,325698 - Readyfood,475,1991,2110,42907,42910,Shipped
615150,152689 - Zomato,623,1934,1482,42905,42910,Shipped
757592,452584 - Foodies,905,3571,584,42906,42908,Shipped
866610,452584 - Foodies,952,861,895,42906,42908,Shipped
XXXXXX,XXXXXX - Promo,469,3473,1378,42904,42906,Shipped
925259,325698 - Readyfood,877,1149,1977,42904,42906,Shipped
272706,985245 -Quick Bite,904,577,1711,42902,42906,Shipped
857736,FoodJunction,907,2579,2318,42902,42906,Shipped
402025,FoodJunction,505,4803,1335,42902,42906,Shipped
708338,325698 - Readyfood,453,4796,1422,42902,42904,Shipped
536483,325698 - Readyfood,892,3129,2330,42902,42904,Shipped
893215,325698 - Readyfood,783,4275,2262,42902,42904,Shipped
938803,152689 - Zomato,693,537,1596,42898,42904,Shipped
194870,FoodJunction,622,500,939,42899,42903,Shipped
249786,152689 - Zomato,767,3830,833,42898,42903,Shipped
696436,325698 - Readyfood,640,3596,656,42900,42902,Shipped
961459,325698 - Readyfood,576,4857,1735,42900,42902,Shipped
173491,FoodJunction,383,2370,796,42897,42902,Shipped
477394,452584 - Foodies,197,1362,2404,42899,42901,Shipped
495527,325698 - Readyfood,494,1893,788,42898,42901,Shipped
884417,985245 -Quick Bite,996,4454,1243,42897,42901,Shipped
128203,985245 -Quick Bite,769,3084,1485,42897,42901,Shipped
494950,152689 - Zomato,837,4369,637,42896,42901,Shipped
625541,152689 - Zomato,171,3370,1684,42896,42901,Shipped
647752,152689 - Zomato,744,4272,854,42896,42901,Shipped
155258,FoodJunction,918,748,1020,42896,42900,Shipped
482653,FoodJunction,544,2176,2262,42896,42900,Shipped
848764,FoodJunction,954,2865,2453,42895,42900,Shipped
467892,152689 - Zomato,734,4513,1823,42895,42900,Shipped
580665,325698 - Readyfood,295,934,2431,42897,42899,Shipped
572070,985245 -Quick Bite,195,3142,1230,42895,42899,Shipped
588248,325698 - Readyfood,430,938,1183,42896,42898,Shipped
888796,985245 -Quick Bite,873,997,1601,42894,42898,Shipped
154669,FoodJunction,924,4382,1957,42893,42898,Shipped
291222,452584 - Foodies,114,4836,1431,42895,42897,Shipped
469169,FoodJunction,388,835,2449,42891,42896,Shipped
230238,985245 -Quick Bite,489,4218,1144,42891,42895,Shipped
285171,152689 - Zomato,895,679,552,42890,42895,Shipped
812501,FoodJunction,317,4662,867,42889,42894,Shipped
378786,985245 -Quick Bite,973,3284,2002,42889,42893,Shipped
617806,985245 -Quick Bite,719,1821,702,42889,42893,Shipped
624654,325698 - Readyfood,587,4778,879,42890,42892,Shipped
848626,985245 -Quick Bite,738,1524,1577,42889,42892,Shipped
422150,985245 -Quick Bite,706,2732,2017,42888,42892,Shipped
699402,152689 - Zomato,767,3142,1995,42887,42892,Shipped
428224,985245 -Quick Bite,710,2751,1620,42887,42891,Shipped
176890,152689 - Zomato,721,2868,1395,42886,42891,Shipped
284556,985245 -Quick Bite,450,4473,687,42887,42890,Shipped
987214,985245 -Quick Bite,915,1395,2497,42887,42890,Shipped
613626,985245 -Quick Bite,584,4859,1438,42886,42890,Shipped
845628,152689 - Zomato,800,1194,764,42885,42890,Shipped
399376,325698 - Readyfood,786,623,639,42886,42889,Shipped
345760,985245 -Quick Bite,445,1642,671,42886,42889,Shipped
575213,985245 -Quick Bite,521,4849,816,42885,42888,Shipped
629460,325698 - Readyfood,280,1585,1331,42885,42887,Shipped
154222,325698 - Readyfood,359,2133,1827,42885,42887,Shipped
771355,985245 -Quick Bite,801,2113,1113,42883,42887,Shipped
148613,452584 - Foodies,924,4547,1383,42884,42886,Shipped
747181,985245 -Quick Bite,102,2387,2181,42882,42886,Shipped
788212,FoodJunction,567,4978,2409,42881,42886,Shipped
584385,325698 - Readyfood,575,3909,1201,42883,42885,Shipped
179488,325698 - Readyfood,200,1771,2152,42883,42885,Shipped
309433,FoodJunction,404,3680,1267,42880,42885,Shipped
XXXXXX,XXXXXX - Promo,846,2834,790,42882,42884,Shipped
967716,985245 -Quick Bite,115,3970,1410,42881,42884,Shipped
238041,985245 -Quick Bite,877,1162,934,42880,42884,Shipped
469130,152689 - Zomato,759,1201,947,42879,42884,Shipped
681100,FoodJunction,138,3863,2390,42879,42883,Shipped
655144,152689 - Zomato,271,2013,2181,42878,42883,Shipped
695503,152689 - Zomato,898,4524,1794,42878,42883,Shipped
389320,152689 - Zomato,499,3158,2432,42877,42882,Shipped
277207,FoodJunction,137,4886,1819,42877,42881,Shipped
137316,FoodJunction,170,4299,1975,42876,42881,Shipped
783895,FoodJunction,592,2826,2311,42876,42881,Shipped
607546,985245 -Quick Bite,890,992,2302,42877,42880,Shipped
750072,FoodJunction,988,3372,1409,42875,42880,Shipped
553287,325698 - Readyfood,145,2806,1773,42877,42879,Shipped
830928,985245 -Quick Bite,367,2248,2261,42874,42878,Shipped
880923,985245 -Quick Bite,405,4805,2089,42873,42877,Shipped
865960,325698 - Readyfood,137,3946,1729,42874,42876,Shipped
106109,452584 - Foodies,285,4574,2204,42873,42875,Shipped
782086,325698 - Readyfood,330,2639,1939,42873,42875,Shipped
483728,325698 - Readyfood,121,1057,1469,42873,42875,Shipped
232445,FoodJunction,199,881,1305,42871,42875,Shipped
533958,FoodJunction,507,4259,1732,42870,42875,Shipped
643210,985245 -Quick Bite,935,2791,1644,42871,42874,Shipped
639608,FoodJunction,335,879,684,42869,42874,Shipped
551524,325698 - Readyfood,177,1181,839,42871,42873,Shipped
620463,985245 -Quick Bite,740,2112,780,42869,42873,Shipped
628259,FoodJunction,936,2189,2308,42869,42873,Shipped
481717,FoodJunction,174,864,982,42868,42873,Shipped
XXXXXX,XXXXXX - Promo,407,4570,2235,42870,42872,Shipped
156097,325698 - Readyfood,146,4872,1268,42870,42872,Shipped
606892,985245 -Quick Bite,675,974,1206,42867,42871,Shipped
738774,452584 - Foodies,143,1174,775,42868,42870,Shipped
616028,325698 - Readyfood,464,2154,1575,42865,42868,Shipped
488476,FoodJunction,635,4375,1388,42862,42867,Shipped
982546,152689 - Zomato,791,1871,2263,42862,42867,Shipped
565152,325698 - Readyfood,734,2924,1409,42864,42866,Shipped
851812,FoodJunction,540,3954,1228,42861,42866,Shipped
902323,985245 -Quick Bite,341,2383,1614,42861,42865,Shipped
616594,325698 - Readyfood,851,3709,2073,42861,42863,Shipped
658720,325698 - Readyfood,396,4622,641,42860,42863,Shipped
467899,152689 - Zomato,566,1040,932,42858,42863,Shipped
180059,325698 - Readyfood,621,1222,1582,42860,42862,Shipped
809147,985245 -Quick Bite,814,3681,1363,42858,42862,Shipped
596315,452584 - Foodies,291,1594,1725,42859,42861,Shipped
639424,325698 - Readyfood,943,4789,1819,42859,42861,Shipped
520412,985245 -Quick Bite,446,2989,2393,42856,42860,Shipped
940045,FoodJunction,426,1869,2425,42855,42860,Shipped
885208,FoodJunction,963,3534,881,42855,42860,Shipped
121495,152689 - Zomato,262,1677,892,42854,42859,Shipped
192456,152689 - Zomato,188,2850,1879,42853,42858,Shipped
859745,985245 -Quick Bite,234,1065,553,42853,42857,Shipped
129242,325698 - Readyfood,623,792,1760,42854,42856,Shipped
853742,325698 - Readyfood,791,3749,2076,42853,42855,Shipped
366790,325698 - Readyfood,555,3374,1655,42853,42855,Shipped
186348,325698 - Readyfood,266,3385,1827,42851,42853,Shipped
269802,985245 -Quick Bite,402,1102,1460,42850,42853,Shipped
489288,985245 -Quick Bite,308,3423,1654,42850,42853,Shipped
804322,FoodJunction,248,3236,2490,42848,42853,Shipped
961020,152689 - Zomato,233,3656,1850,42848,42853,Shipped
979225,325698 - Readyfood,419,1214,1678,42849,42852,Shipped
837243,FoodJunction,448,1318,929,42847,42852,Shipped
423778,FoodJunction,557,1115,911,42846,42851,Shipped
673648,985245 -Quick Bite,746,4514,1524,42846,42850,Shipped
655972,152689 - Zomato,381,725,1623,42845,42850,Shipped
112652,FoodJunction,171,3586,1319,42844,42849,Shipped
XXXXXX,XXXXXX - Promo,514,2583,1174,42846,42848,Shipped
626315,325698 - Readyfood,481,3681,1823,42845,42847,Shipped
154390,152689 - Zomato,270,1151,2201,42842,42847,Shipped
707965,152689 - Zomato,279,4681,2005,42842,42847,Shipped
918091,325698 - Readyfood,248,3805,1989,42844,42846,Shipped
313423,152689 - Zomato,766,2325,970,42841,42846,Shipped
835858,325698 - Readyfood,515,4121,2312,42843,42845,Shipped
432744,325698 - Readyfood,555,2175,1585,42843,42845,Shipped
995990,985245 -Quick Bite,834,1686,1135,42842,42845,Shipped
419187,985245 -Quick Bite,271,826,2249,42841,42845,Shipped
458555,325698 - Readyfood,751,4714,1145,42842,42844,Shipped
655007,FoodJunction,529,3642,2193,42839,42844,Shipped
868035,325698 - Readyfood,608,1431,1551,42841,42843,Shipped
138529,FoodJunction,862,630,668,42838,42843,Shipped
528987,152689 - Zomato,260,2843,2119,42838,42843,Shipped
893739,985245 -Quick Bite,776,1869,1309,42838,42842,Shipped
877503,985245 -Quick Bite,445,3378,1776,42838,42842,Shipped
526190,152689 - Zomato,324,4993,2039,42837,42842,Shipped
774683,325698 - Readyfood,567,1572,1637,42838,42841,Shipped
898438,985245 -Quick Bite,236,2293,2358,42837,42841,Shipped
185774,FoodJunction,792,4447,925,42836,42841,Shipped
816043,FoodJunction,245,2404,1620,42836,42841,Shipped
504287,152689 - Zomato,989,1801,928,42836,42841,Shipped
937490,325698 - Readyfood,633,4357,972,42838,42840,Shipped
222901,325698 - Readyfood,266,1736,2026,42837,42839,Shipped
523012,985245 -Quick Bite,380,2892,1965,42836,42839,Shipped
939955,985245 -Quick Bite,611,3889,866,42835,42839,Shipped
790529,FoodJunction,787,1111,1017,42835,42839,Shipped
478150,FoodJunction,631,718,1601,42834,42839,Shipped
764047,152689 - Zomato,949,842,2440,42834,42839,Shipped
940412,325698 - Readyfood,678,909,1087,42836,42838,Shipped
462799,985245 -Quick Bite,909,4423,775,42834,42838,Shipped
537312,325698 - Readyfood,935,1262,2175,42835,42837,Shipped
391973,152689 - Zomato,273,632,1828,42832,42837,Shipped
912554,152689 - Zomato,194,4941,2369,42832,42837,Shipped
477646,452584 - Foodies,498,1323,1817,42834,42836,Shipped
395145,325698 - Readyfood,137,4227,1330,42834,42836,Shipped
966247,FoodJunction,219,4191,1595,42832,42836,Shipped
798730,152689 - Zomato,364,2020,2039,42831,42836,Shipped
185400,452584 - Foodies,390,3176,911,42833,42835,Shipped
205440,325698 - Readyfood,226,2048,1531,42833,42835,Shipped
918483,325698 - Readyfood,637,1864,2154,42832,42835,Shipped
608033,985245 -Quick Bite,881,4880,702,42831,42835,Shipped
462275,325698 - Readyfood,119,2581,1280,42832,42834,Shipped
304388,152689 - Zomato,785,4235,2116,42829,42834,Shipped
732711,152689 - Zomato,879,2124,2136,42829,42834,Shipped
590182,985245 -Quick Bite,166,3907,1687,42829,42833,Shipped
715793,152689 - Zomato,164,1783,1854,42828,42833,Shipped
981111,152689 - Zomato,124,2490,942,42827,42832,Shipped
153918,152689 - Zomato,969,1842,2440,42826,42831,Shipped
586845,325698 - Readyfood,534,1170,2057,42828,42830,Shipped
545150,325698 - Readyfood,540,3615,1117,42828,42830,Shipped
416670,985245 -Quick Bite,248,2035,1232,42827,42830,Shipped
317616,152689 - Zomato,445,1310,1586,42825,42830,Shipped
853782,FoodJunction,221,569,1189,42825,42829,Shipped
793259,FoodJunction,682,3112,1230,42824,42829,Shipped
159909,152689 - Zomato,492,2255,971,42824,42829,Shipped
389357,152689 - Zomato,986,1174,1546,42822,42828,Shipped
617277,325698 - Readyfood,253,4338,1892,42824,42826,Shipped
589280,FoodJunction,678,1360,1342,42821,42826,Shipped
538106,152689 - Zomato,770,1698,1286,42820,42825,Shipped
XXXXXX,XXXXXX - Promo,451,1609,1938,42822,42824,Shipped
489709,325698 - Readyfood,216,4803,2205,42820,42822,Shipped
888049,325698 - Readyfood,783,3762,754,42820,42822,Shipped
779061,985245 -Quick Bite,690,1290,928,42819,42822,Shipped
814534,FoodJunction,872,1560,1154,42817,42822,Shipped
491863,325698 - Readyfood,265,2022,1944,42819,42821,Shipped
275621,985245 -Quick Bite,960,4850,1971,42817,42821,Shipped
721003,152689 - Zomato,986,1331,1230,42816,42821,Shipped
522753,325698 - Readyfood,223,1214,2135,42818,42820,Shipped
795978,FoodJunction,331,964,1312,42814,42818,Shipped
995178,FoodJunction,735,3669,548,42814,42818,Shipped
999861,452584 - Foodies,861,3199,1749,42814,42816,Shipped
202526,325698 - Readyfood,479,1619,1022,42814,42816,Shipped
535906,152689 - Zomato,793,4888,1456,42811,42816,Shipped
296801,325698 - Readyfood,984,4947,1077,42813,42815,Shipped
108422,985245 -Quick Bite,363,4935,1010,42811,42815,Shipped
298663,FoodJunction,859,4632,2385,42810,42815,Shipped
865663,325698 - Readyfood,145,583,2421,42812,42814,Shipped
814713,325698 - Readyfood,771,2475,1211,42811,42813,Shipped
122076,325698 - Readyfood,803,2349,1996,42810,42813,Shipped
248156,325698 - Readyfood,984,1538,730,42810,42812,Shipped
854170,FoodJunction,251,3477,1061,42808,42812,Shipped
220974,985245 -Quick Bite,106,821,974,42807,42811,Shipped
401920,FoodJunction,613,4783,2044,42807,42811,Shipped
959057,FoodJunction,629,2027,2288,42806,42811,Shipped
406257,152689 - Zomato,462,3829,715,42806,42811,Shipped
550193,325698 - Readyfood,489,1170,651,42808,42810,Shipped
807995,325698 - Readyfood,145,503,1760,42807,42810,Shipped
333045,985245 -Quick Bite,272,3562,1737,42805,42809,Shipped
755329,FoodJunction,172,3623,1881,42804,42809,Shipped
674029,FoodJunction,138,3965,500,42804,42809,Shipped
946054,152689 - Zomato,697,4107,1583,42804,42809,Shipped
973867,985245 -Quick Bite,144,3372,1699,42803,42807,Shipped
229365,FoodJunction,809,2140,1744,42802,42807,Shipped
980515,152689 - Zomato,886,1976,1080,42802,42807,Shipped
106744,325698 - Readyfood,359,872,1461,42804,42806,Shipped
105310,325698 - Readyfood,536,3206,843,42804,42806,Shipped
585917,FoodJunction,475,3414,1527,42802,42806,Shipped
263404,985245 -Quick Bite,445,4274,1356,42801,42805,Shipped
865416,152689 - Zomato,420,3998,2478,42800,42805,Shipped
379239,985245 -Quick Bite,163,777,2180,42800,42804,Shipped
264860,FoodJunction,447,3110,1499,42800,42804,Shipped
642418,152689 - Zomato,895,1006,2483,42799,42804,Shipped
323405,325698 - Readyfood,718,4740,807,42799,42802,Shipped
852937,325698 - Readyfood,175,2728,905,42799,42802,Shipped
332480,452584 - Foodies,928,3411,2183,42799,42801,Shipped
263600,325698 - Readyfood,573,2956,1643,42799,42801,Shipped
419602,325698 - Readyfood,459,2675,1975,42798,42801,Shipped
609848,FoodJunction,718,766,589,42795,42800,Shipped
411716,325698 - Readyfood,691,3522,1731,42797,42799,Shipped
182712,985245 -Quick Bite,905,1938,537,42795,42798,Shipped
475703,152689 - Zomato,149,1057,531,42793,42798,Shipped
822370,325698 - Readyfood,166,3962,1548,42795,42797,Shipped
586383,325698 - Readyfood,491,2320,1619,42795,42797,Shipped
498284,985245 -Quick Bite,367,2103,1740,42794,42797,Shipped
242610,985245 -Quick Bite,983,716,705,42793,42797,Shipped
893340,985245 -Quick Bite,622,3795,802,42793,42797,Shipped
429018,152689 - Zomato,863,1037,2227,42792,42797,Shipped
845175,985245 -Quick Bite,220,3542,2340,42792,42796,Shipped
650612,152689 - Zomato,481,4649,2275,42790,42795,Shipped
100049,152689 - Zomato,758,4583,1284,42790,42795,Shipped
451547,985245 -Quick Bite,349,1842,2374,42789,42793,Shipped
967460,FoodJunction,601,4986,604,42788,42793,Shipped
900191,325698 - Readyfood,641,2328,1155,42790,42792,Shipped
477078,985245 -Quick Bite,772,3976,972,42788,42792,Shipped
388600,FoodJunction,527,561,1181,42788,42792,Shipped
534745,152689 - Zomato,267,4029,730,42786,42791,Shipped
415494,325698 - Readyfood,184,4200,2301,42788,42790,Shipped
608731,985245 -Quick Bite,752,2050,2477,42785,42789,Shipped
850270,152689 - Zomato,341,3946,500,42784,42789,Shipped
715297,152689 - Zomato,193,4443,1963,42784,42789,Shipped
891869,FoodJunction,442,905,1725,42784,42788,Shipped
656358,985245 -Quick Bite,225,2080,2163,42783,42787,Shipped
588884,FoodJunction,105,1845,976,42783,42787,Shipped
922998,325698 - Readyfood,822,3568,1241,42783,42785,Shipped
149630,152689 - Zomato,174,2590,1046,42780,42785,Shipped
243417,325698 - Readyfood,348,4526,2496,42782,42784,Shipped
329688,985245 -Quick Bite,715,2227,1579,42780,42784,Shipped
296492,FoodJunction,294,2259,2483,42780,42784,Shipped
802249,325698 - Readyfood,188,3607,617,42781,42783,Shipped
981201,FoodJunction,562,4952,1691,42778,42783,Shipped
916186,152689 - Zomato,715,3245,1900,42777,42783,Shipped
711118,325698 - Readyfood,651,2584,805,42780,42782,Shipped
594808,985245 -Quick Bite,314,3385,896,42778,42782,Shipped
882457,325698 - Readyfood,252,775,1725,42777,42779,Shipped
597664,985245 -Quick Bite,356,3248,2190,42775,42779,Shipped
466667,152689 - Zomato,429,1271,821,42774,42779,Shipped
888053,152689 - Zomato,822,4030,1245,42773,42778,Shipped
887024,985245 -Quick Bite,815,1613,1497,42774,42777,Shipped
393761,985245 -Quick Bite,579,2502,729,42773,42777,Shipped
572130,325698 - Readyfood,800,4376,1347,42774,42776,Shipped
107998,325698 - Readyfood,155,1683,1011,42774,42776,Shipped
360419,325698 - Readyfood,512,1841,1469,42774,42776,Shipped
483934,FoodJunction,730,4105,1869,42772,42776,Shipped
426748,325698 - Readyfood,752,3202,1445,42772,42775,Shipped
398441,985245 -Quick Bite,795,3376,1022,42772,42775,Shipped
778316,152689 - Zomato,124,3259,2475,42770,42775,Shipped
816358,152689 - Zomato,417,2044,2205,42770,42775,Shipped
561843,FoodJunction,495,1672,876,42769,42774,Shipped
100883,325698 - Readyfood,933,2429,1509,42771,42773,Shipped
657335,985245 -Quick Bite,439,2234,963,42769,42773,Shipped
467347,FoodJunction,462,570,2269,42769,42773,Shipped
574844,325698 - Readyfood,882,3510,1292,42770,42772,Shipped
373393,985245 -Quick Bite,326,971,1849,42768,42772,Shipped
XXXXXX,XXXXXX - Promo,545,1204,2291,42769,42771,Shipped
111160,985245 -Quick Bite,614,3365,1155,42767,42771,Shipped
623274,325698 - Readyfood,949,2807,1556,42768,42770,Shipped
803158,985245 -Quick Bite,822,1554,1393,42767,42770,Shipped
500142,325698 - Readyfood,343,613,991,42767,42769,Shipped
946257,325698 - Readyfood,980,4787,1485,42766,42769,Shipped
718795,152689 - Zomato,522,2677,2103,42764,42769,Shipped
579421,325698 - Readyfood,563,3384,1691,42765,42768,Shipped
511387,152689 - Zomato,523,983,2473,42763,42768,Shipped
781517,325698 - Readyfood,676,543,849,42765,42767,Shipped
707730,FoodJunction,500,2456,712,42763,42767,Shipped
212191,152689 - Zomato,867,1608,1038,42762,42767,Shipped
907719,152689 - Zomato,412,982,1500,42761,42766,Shipped
341458,152689 - Zomato,390,4887,1955,42760,42765,Shipped
691990,985245 -Quick Bite,573,699,1432,42760,42764,Shipped
440213,985245 -Quick Bite,438,744,2309,42759,42763,Shipped
XXXXXX,XXXXXX - Promo,145,2074,1971,42759,42761,Shipped
110057,325698 - Readyfood,818,2074,1730,42759,42761,Shipped
307926,985245 -Quick Bite,879,4566,2229,42757,42761,Shipped
272875,152689 - Zomato,331,4491,2332,42756,42761,Shipped
756865,985245 -Quick Bite,421,3904,1021,42757,42760,Shipped
271912,FoodJunction,322,4500,1526,42756,42760,Shipped
718417,152689 - Zomato,768,595,1291,42755,42760,Shipped
880376,325698 - Readyfood,976,4626,682,42757,42759,Shipped
269119,FoodJunction,927,4806,1492,42755,42759,Shipped
582146,985245 -Quick Bite,987,3562,1472,42754,42758,Shipped
872577,FoodJunction,478,1133,2433,42753,42758,Shipped
828647,985245 -Quick Bite,239,4371,2212,42754,42757,Shipped
438138,FoodJunction,915,3891,1141,42752,42757,Shipped
149034,152689 - Zomato,284,2563,2211,42752,42757,Shipped
850973,325698 - Readyfood,462,4502,766,42754,42756,Shipped
904869,FoodJunction,753,4791,1440,42752,42756,Shipped
602579,325698 - Readyfood,493,2868,917,42752,42755,Shipped
202480,985245 -Quick Bite,583,1150,2063,42750,42754,Shipped
177222,152689 - Zomato,340,1572,937,42749,42754,Shipped
488185,325698 - Readyfood,465,626,2190,42751,42753,Shipped
596975,152689 - Zomato,168,2040,1536,42748,42753,Shipped
750401,985245 -Quick Bite,455,4896,1502,42748,42752,Shipped
122057,152689 - Zomato,535,2922,1580,42746,42751,Shipped
702385,325698 - Readyfood,145,1589,806,42747,42749,Shipped
126797,985245 -Quick Bite,772,2058,1357,42745,42748,Shipped
460415,FoodJunction,773,3202,2208,42743,42747,Shipped
XXXXXX,XXXXXX - Promo,690,1629,1880,42744,42746,Shipped
153763,452584 - Foodies,135,2869,1206,42744,42746,Shipped
360603,325698 - Readyfood,554,1964,883,42744,42746,Shipped
180057,985245 -Quick Bite,531,1812,1916,42742,42746,Shipped
331207,152689 - Zomato,462,3621,2351,42741,42746,Shipped
153673,452584 - Foodies,263,1152,1729,42742,42744,Shipped
710714,325698 - Readyfood,697,2200,739,42742,42744,Shipped
680593,985245 -Quick Bite,246,1226,1991,42740,42744,Shipped
807289,452584 - Foodies,987,3593,1746,42741,42743,Shipped
417296,325698 - Readyfood,514,2564,1766,42741,42743,Shipped
454717,985245 -Quick Bite,740,3899,1566,42740,42743,Shipped
309379,985245 -Quick Bite,224,950,788,42739,42743,Shipped
800525,FoodJunction,310,4825,1339,42738,42742,Shipped
311436,985245 -Quick Bite,705,4052,2226,42736,42740,Shipped
XXXXXX,XXXXXX - Promo,513,2081,600,42736,42738,Shipped
617865,452584 - Foodies,522,4382,2324,42736,42738,Shipped
154036,325698 - Readyfood,849,3375,697,42736,42738,Shipped
