,,2020 order Data,,,,,
,,,,,,,
Order ID,Customer ID,Item Shipped,Revenue,Cost,Order Date,Ship Date,Order Status
577597,152689 - Zomato,329,"1,645.00",822.5,11/23/2020,,Open
503658,985245 -Quick Bite,350,"1,750.00",875,11/23/2020,,Open
797851,985245 -Quick Bite,981,"4,905.00","2,452.50",11/21/2020,,Open
552860,985245 -Quick Bite,843,"4,215.00","2,107.50",11/21/2020,,Open
466725,152689 - Zomato,154,770,385,11/22/2020,,Open
936967,325698 - Readyfood,993,"4,965.00","2,482.50",11/20/2020,,Open
562749,152689 - Zomato,99,495,247.5,11/20/2020,,Open
269983,325698 - Readyfood,747,"3,735.00","1,867.50",11/21/2020,,Open
334598,985245 -Quick Bite,817,"4,085.00","2,042.50",11/20/2020,,Open
956465,985245 -Quick Bite,798,"3,990.00","1,995.00",11/19/2020,,Open
517521,152689 - Zomato,680,"3,400.00","1,700.00",11/19/2020,,Open
849766,325698 - Readyfood,383,"1,915.00",957.5,11/21/2020,,Open
400187,325698 - Readyfood,679,"3,395.00","1,697.50",11/19/2020,,Open
279099,985245 -Quick Bite,77,385,192.5,11/18/2020,11/21/2020,Shipped
221661,325698 - Readyfood,910,"4,550.00","2,275.00",11/16/2020,11/21/2020,Shipped
196228,325698 - Readyfood,300,"1,500.00",750,11/18/2020,11/20/2020,Shipped
499944,FoodJunction,511,"2,555.00","1,277.50",11/18/2020,11/20/2020,Shipped
462194,452584 - Foodies,97,485,242.5,11/17/2020,11/20/2020,Shipped
288845,325698 - Readyfood,868,"4,340.00","2,170.00",11/16/2020,11/20/2020,Shipped
408539,325698 - Readyfood,211,"1,055.00",527.5,11/17/2020,11/19/2020,Shipped
962242,325698 - Readyfood,549,"2,745.00","1,372.50",11/16/2020,11/19/2020,Shipped
559502,325698 - Readyfood,469,"2,345.00","1,172.50",11/15/2020,11/19/2020,Shipped
936106,985245 -Quick Bite,878,"4,390.00","2,195.00",11/14/2020,11/19/2020,Shipped
716031,985245 -Quick Bite,701,"3,505.00","1,752.50",11/14/2020,11/18/2020,Shipped
410303,985245 -Quick Bite,198,990,495,11/14/2020,11/18/2020,Shipped
634504,985245 -Quick Bite,415,"2,075.00","1,037.50",11/15/2020,11/17/2020,Shipped
718857,325698 - Readyfood,995,"4,975.00","2,487.50",11/12/2020,11/17/2020,Shipped
478868,985245 -Quick Bite,885,"4,425.00","2,212.50",11/13/2020,11/16/2020,Shipped
752620,325698 - Readyfood,205,"1,025.00",512.5,11/12/2020,11/16/2020,Shipped
475652,452584 - Foodies,154,770,385,11/12/2020,11/16/2020,Shipped
135130,152689 - Zomato,236,"1,180.00",590,11/11/2020,11/16/2020,Shipped
611432,325698 - Readyfood,73,365,182.5,11/13/2020,11/15/2020,Shipped
908572,325698 - Readyfood,736,"3,680.00","1,840.00",11/12/2020,11/15/2020,Shipped
484370,985245 -Quick Bite,260,"1,300.00",650,11/11/2020,11/15/2020,Shipped
864076,985245 -Quick Bite,509,"2,545.00","1,272.50",11/10/2020,11/15/2020,Shipped
788950,985245 -Quick Bite,381,"1,905.00",952.5,11/10/2020,11/15/2020,Shipped
687496,985245 -Quick Bite,962,"4,810.00","2,405.00",11/8/2020,11/13/2020,Shipped
271521,152689 - Zomato,974,"4,870.00","2,435.00",11/8/2020,11/12/2020,Shipped
383740,152689 - Zomato,727,"3,635.00","1,817.50",11/8/2020,11/12/2020,Shipped
637307,152689 - Zomato,162,810,405,11/8/2020,11/12/2020,Shipped
569083,152689 - Zomato,572,"2,860.00","1,430.00",11/7/2020,11/12/2020,Shipped
117872,152689 - Zomato,373,"1,865.00",932.5,11/7/2020,11/12/2020,Shipped
139544,985245 -Quick Bite,974,"4,870.00","2,435.00",11/7/2020,11/12/2020,Shipped
314894,325698 - Readyfood,708,"3,540.00","1,770.00",11/9/2020,11/11/2020,Shipped
150465,152689 - Zomato,324,"1,620.00",810,11/5/2020,11/10/2020,Shipped
235687,FoodJunction,203,"1,015.00",507.5,11/5/2020,11/10/2020,Shipped
181296,FoodJunction,313,"1,565.00",782.5,11/5/2020,11/10/2020,Shipped
938123,985245 -Quick Bite,745,"3,725.00","1,862.50",11/5/2020,11/10/2020,Shipped
775527,152689 - Zomato,819,"4,095.00","2,047.50",11/7/2020,11/9/2020,Shipped
127407,985245 -Quick Bite,614,"3,070.00","1,535.00",11/7/2020,11/9/2020,Shipped
357655,985245 -Quick Bite,983,"4,915.00","2,457.50",11/6/2020,11/9/2020,Shipped
812625,325698 - Readyfood,223,"1,115.00",557.5,11/5/2020,11/9/2020,Shipped
219569,152689 - Zomato,189,945,472.5,11/3/2020,11/8/2020,Shipped
226773,452584 - Foodies,230,"1,150.00",575,11/3/2020,11/7/2020,Shipped
307166,325698 - Readyfood,346,"1,730.00",865,11/4/2020,11/6/2020,Shipped
930404,325698 - Readyfood,781,"3,905.00","1,952.50",11/3/2020,11/6/2020,Shipped
144280,452584 - Foodies,227,"1,135.00",567.5,11/3/2020,11/5/2020,Shipped
530686,325698 - Readyfood,958,"4,790.00","2,395.00",10/31/2020,11/5/2020,Shipped
536529,985245 -Quick Bite,58,290,145,10/31/2020,11/4/2020,Shipped
306949,152689 - Zomato,500,"2,500.00","1,250.00",10/30/2020,11/4/2020,Shipped
179747,XXXXXX - Promo,344,"1,720.00",860,10/29/2020,11/3/2020,Shipped
415297,325698 - Readyfood,541,"2,705.00","1,352.50",10/31/2020,11/2/2020,Shipped
803754,FoodJunction,792,"3,960.00","1,980.00",10/30/2020,11/2/2020,Shipped
360010,325698 - Readyfood,630,"3,150.00","1,575.00",10/28/2020,11/2/2020,Shipped
716943,FoodJunction,385,"1,925.00",962.5,10/30/2020,11/1/2020,Shipped
819913,985245 -Quick Bite,614,"3,070.00","1,535.00",10/30/2020,11/1/2020,Shipped
235684,FoodJunction,703,"3,515.00","1,757.50",10/27/2020,11/1/2020,Shipped
532193,152689 - Zomato,799,"3,995.00","1,997.50",10/27/2020,11/1/2020,Shipped
545475,325698 - Readyfood,981,"4,905.00","2,452.50",10/29/2020,10/31/2020,Shipped
959672,FoodJunction,916,"4,580.00","2,290.00",10/27/2020,10/30/2020,Shipped
935480,152689 - Zomato,854,"4,270.00","2,135.00",10/26/2020,10/30/2020,Shipped
975878,XXXXXX - Promo,929,"4,645.00","2,322.50",10/26/2020,10/29/2020,Shipped
652173,325698 - Readyfood,906,"4,530.00","2,265.00",10/25/2020,10/29/2020,Shipped
241313,152689 - Zomato,467,"2,335.00","1,167.50",10/24/2020,10/29/2020,Shipped
114216,452584 - Foodies,133,665,332.5,10/24/2020,10/29/2020,Shipped
842364,325698 - Readyfood,587,"2,935.00","1,467.50",10/25/2020,10/28/2020,Shipped
549371,152689 - Zomato,648,"3,240.00","1,620.00",10/24/2020,10/28/2020,Shipped
968753,985245 -Quick Bite,832,"4,160.00","2,080.00",10/22/2020,10/27/2020,Shipped
876380,XXXXXX - Promo,733,"3,665.00","1,832.50",10/24/2020,10/26/2020,Shipped
292936,325698 - Readyfood,154,770,385,10/23/2020,10/26/2020,Shipped
845415,152689 - Zomato,77,385,192.5,10/22/2020,10/26/2020,Shipped
390225,325698 - Readyfood,784,"3,920.00","1,960.00",10/21/2020,10/26/2020,Shipped
773249,325698 - Readyfood,82,410,205,10/21/2020,10/26/2020,Shipped
269054,985245 -Quick Bite,530,"2,650.00","1,325.00",10/23/2020,10/25/2020,Shipped
540203,152689 - Zomato,892,"4,460.00","2,230.00",10/23/2020,10/25/2020,Shipped
819814,FoodJunction,625,"3,125.00","1,562.50",10/22/2020,10/24/2020,Shipped
699866,FoodJunction,437,"2,185.00","1,092.50",10/18/2020,10/23/2020,Shipped
XXXXXX,152689 - Zomato,117,585,292.5,10/20/2020,10/22/2020,Shipped
108356,325698 - Readyfood,856,"4,280.00","2,140.00",10/18/2020,10/22/2020,Shipped
376963,FoodJunction,888,"4,440.00","2,220.00",10/16/2020,10/21/2020,Shipped
907453,FoodJunction,914,"4,570.00","2,285.00",10/17/2020,10/20/2020,Shipped
542652,985245 -Quick Bite,275,"1,375.00",687.5,10/16/2020,10/20/2020,Shipped
722994,FoodJunction,669,"3,345.00","1,672.50",10/16/2020,10/20/2020,Shipped
421209,FoodJunction,344,"1,720.00",860,10/16/2020,10/20/2020,Shipped
239072,FoodJunction,389,"1,945.00",972.5,10/15/2020,10/19/2020,Shipped
230894,452584 - Foodies,630,"3,150.00","1,575.00",10/15/2020,10/19/2020,Shipped
444842,325698 - Readyfood,344,"1,720.00",860,10/16/2020,10/18/2020,Shipped
137793,985245 -Quick Bite,941,"4,705.00","2,352.50",10/14/2020,10/18/2020,Shipped
537482,FoodJunction,287,"1,435.00",717.5,10/14/2020,10/18/2020,Shipped
817213,325698 - Readyfood,994,"4,970.00","2,485.00",10/15/2020,10/17/2020,Shipped
679459,325698 - Readyfood,598,"2,990.00","1,495.00",10/15/2020,10/17/2020,Shipped
205399,FoodJunction,513,"2,565.00","1,282.50",10/12/2020,10/16/2020,Shipped
824586,452584 - Foodies,537,"2,685.00","1,342.50",10/11/2020,10/16/2020,Shipped
862433,452584 - Foodies,194,970,485,10/11/2020,10/15/2020,Shipped
814288,985245 -Quick Bite,338,"1,690.00",845,10/12/2020,10/14/2020,Shipped
288993,FoodJunction,594,"2,970.00","1,485.00",10/11/2020,10/13/2020,Shipped
855210,152689 - Zomato,998,"4,990.00","2,495.00",10/11/2020,10/13/2020,Shipped
XXXXXX,325698 - Readyfood,465,"2,325.00","1,162.50",10/10/2020,10/12/2020,Shipped
842733,985245 -Quick Bite,145,725,362.5,10/10/2020,10/12/2020,Shipped
447940,985245 -Quick Bite,402,"2,010.00","1,005.00",10/8/2020,10/11/2020,Shipped
256598,985245 -Quick Bite,240,"1,200.00",600,10/6/2020,10/11/2020,Shipped
349180,152689 - Zomato,278,"1,390.00",695,10/6/2020,10/10/2020,Shipped
357032,152689 - Zomato,226,"1,130.00",565,10/6/2020,10/8/2020,Shipped
473006,325698 - Readyfood,494,"2,470.00","1,235.00",10/3/2020,10/8/2020,Shipped
772310,FoodJunction,547,"2,735.00","1,367.50",10/2/2020,10/7/2020,Shipped
247536,325698 - Readyfood,325,"1,625.00",812.5,10/1/2020,10/6/2020,Shipped
813315,325698 - Readyfood,358,"1,790.00",895,10/3/2020,10/5/2020,Shipped
325227,XXXXXX - Promo,923,"4,615.00","2,307.50",10/2/2020,10/5/2020,Shipped
272980,985245 -Quick Bite,304,"1,520.00",760,9/30/2020,10/4/2020,Shipped
397421,985245 -Quick Bite,914,"4,570.00","2,285.00",9/28/2020,10/3/2020,Shipped
646896,FoodJunction,870,"4,350.00","2,175.00",9/28/2020,9/30/2020,Shipped
522003,FoodJunction,994,"4,970.00","2,485.00",9/26/2020,9/30/2020,Shipped
229340,325698 - Readyfood,221,"1,105.00",552.5,9/26/2020,9/30/2020,Shipped
790995,985245 -Quick Bite,223,"1,115.00",557.5,9/25/2020,9/30/2020,Shipped
802156,152689 - Zomato,807,"4,035.00","2,017.50",9/25/2020,9/28/2020,Shipped
330850,985245 -Quick Bite,710,"3,550.00","1,775.00",9/23/2020,9/28/2020,Shipped
891463,FoodJunction,696,"3,480.00","1,740.00",9/22/2020,9/27/2020,Shipped
413110,152689 - Zomato,505,"2,525.00","1,262.50",9/22/2020,9/27/2020,Shipped
786776,152689 - Zomato,924,"4,620.00","2,310.00",9/22/2020,9/26/2020,Shipped
385190,452584 - Foodies,578,"2,890.00","1,445.00",9/21/2020,9/26/2020,Shipped
823232,325698 - Readyfood,336,"1,680.00",840,9/23/2020,9/25/2020,Shipped
801479,325698 - Readyfood,798,"3,990.00","1,995.00",9/23/2020,9/25/2020,Shipped
112557,325698 - Readyfood,914,"4,570.00","2,285.00",9/21/2020,9/25/2020,Shipped
285527,152689 - Zomato,158,790,395,9/20/2020,9/25/2020,Shipped
648206,325698 - Readyfood,326,"1,630.00",815,9/20/2020,9/24/2020,Shipped
828741,325698 - Readyfood,929,"4,645.00","2,322.50",9/20/2020,9/23/2020,Shipped
698606,325698 - Readyfood,351,"1,755.00",877.5,9/19/2020,9/23/2020,Shipped
875333,985245 -Quick Bite,645,"3,225.00","1,612.50",9/19/2020,9/22/2020,Shipped
213622,152689 - Zomato,719,"3,595.00","1,797.50",9/19/2020,9/22/2020,Shipped
529538,985245 -Quick Bite,362,"1,810.00",905,9/17/2020,9/22/2020,Shipped
424877,FoodJunction,569,"2,845.00","1,422.50",9/17/2020,9/21/2020,Shipped
226348,325698 - Readyfood,132,660,330,9/16/2020,9/21/2020,Shipped
912523,985245 -Quick Bite,338,"1,690.00",845,9/18/2020,9/20/2020,Shipped
903906,985245 -Quick Bite,181,905,452.5,9/15/2020,9/20/2020,Shipped
420070,152689 - Zomato,624,"3,120.00","1,560.00",9/17/2020,9/19/2020,Shipped
891014,985245 -Quick Bite,817,"4,085.00","2,042.50",9/14/2020,9/18/2020,Shipped
434559,325698 - Readyfood,951,"4,755.00","2,377.50",9/15/2020,9/17/2020,Shipped
883904,325698 - Readyfood,290,"1,450.00",725,9/15/2020,9/17/2020,Shipped
472936,325698 - Readyfood,266,"1,330.00",665,9/12/2020,9/17/2020,Shipped
774368,985245 -Quick Bite,595,"2,975.00","1,487.50",9/14/2020,9/16/2020,Shipped
675332,452584 - Foodies,174,870,435,9/12/2020,9/16/2020,Shipped
484163,152689 - Zomato,305,"1,525.00",762.5,9/13/2020,9/15/2020,Shipped
392094,325698 - Readyfood,116,580,290,9/11/2020,9/15/2020,Shipped
556763,985245 -Quick Bite,959,"4,795.00","2,397.50",9/12/2020,9/14/2020,Shipped
440095,985245 -Quick Bite,724,"3,620.00","1,810.00",9/12/2020,9/14/2020,Shipped
458923,452584 - Foodies,991,"4,955.00","2,477.50",9/12/2020,9/14/2020,Shipped
443908,325698 - Readyfood,814,"4,070.00","2,035.00",9/10/2020,9/14/2020,Shipped
399261,152689 - Zomato,76,380,190,9/8/2020,9/13/2020,Shipped
553123,325698 - Readyfood,583,"2,915.00","1,457.50",9/10/2020,9/12/2020,Shipped
986380,325698 - Readyfood,296,"1,480.00",740,9/8/2020,9/12/2020,Shipped
240134,152689 - Zomato,59,295,147.5,9/8/2020,9/11/2020,Shipped
237292,325698 - Readyfood,485,"2,425.00","1,212.50",9/7/2020,9/10/2020,Shipped
575740,FoodJunction,864,"4,320.00","2,160.00",9/6/2020,9/10/2020,Shipped
146974,152689 - Zomato,280,"1,400.00",700,9/6/2020,9/10/2020,Shipped
620966,325698 - Readyfood,856,"4,280.00","2,140.00",9/5/2020,9/9/2020,Shipped
935645,325698 - Readyfood,924,"4,620.00","2,310.00",9/4/2020,9/9/2020,Shipped
928371,152689 - Zomato,767,"3,835.00","1,917.50",9/6/2020,9/8/2020,Shipped
361767,325698 - Readyfood,865,"4,325.00","2,162.50",9/4/2020,9/8/2020,Shipped
288307,152689 - Zomato,870,"4,350.00","2,175.00",9/4/2020,9/7/2020,Shipped
812474,FoodJunction,812,"4,060.00","2,030.00",9/3/2020,9/7/2020,Shipped
107296,325698 - Readyfood,344,"1,720.00",860,9/4/2020,9/6/2020,Shipped
481646,325698 - Readyfood,999,"4,995.00","2,497.50",9/2/2020,9/6/2020,Shipped
457359,FoodJunction,243,"1,215.00",607.5,9/1/2020,9/6/2020,Shipped
151502,325698 - Readyfood,631,"3,155.00","1,577.50",9/3/2020,9/5/2020,Shipped
628174,325698 - Readyfood,356,"1,780.00",890,8/31/2020,9/5/2020,Shipped
508231,FoodJunction,841,"4,205.00","2,102.50",8/30/2020,9/4/2020,Shipped
666065,152689 - Zomato,643,"3,215.00","1,607.50",8/30/2020,9/4/2020,Shipped
657662,985245 -Quick Bite,673,"3,365.00","1,682.50",9/1/2020,9/3/2020,Shipped
590302,FoodJunction,685,"3,425.00","1,712.50",8/30/2020,9/3/2020,Shipped
330456,FoodJunction,929,"4,645.00","2,322.50",8/30/2020,9/2/2020,Shipped
266567,325698 - Readyfood,322,"1,610.00",805,8/27/2020,8/30/2020,Shipped
587650,325698 - Readyfood,725,"3,625.00","1,812.50",8/26/2020,8/30/2020,Shipped
537636,985245 -Quick Bite,72,360,180,8/26/2020,8/29/2020,Shipped
276551,985245 -Quick Bite,952,"4,760.00","2,380.00",8/24/2020,8/29/2020,Shipped
306161,985245 -Quick Bite,137,685,342.5,8/25/2020,8/28/2020,Shipped
635739,152689 - Zomato,300,"1,500.00",750,8/24/2020,8/28/2020,Shipped
XXXXXX,152689 - Zomato,77,385,192.5,8/25/2020,8/27/2020,Shipped
832942,152689 - Zomato,203,"1,015.00",507.5,8/24/2020,8/27/2020,Shipped
935387,452584 - Foodies,204,"1,020.00",510,8/24/2020,8/27/2020,Shipped
496449,985245 -Quick Bite,581,"2,905.00","1,452.50",8/22/2020,8/27/2020,Shipped
823818,FoodJunction,796,"3,980.00","1,990.00",8/24/2020,8/26/2020,Shipped
227560,152689 - Zomato,98,490,245,8/23/2020,8/26/2020,Shipped
265323,152689 - Zomato,238,"1,190.00",595,8/22/2020,8/26/2020,Shipped
167444,452584 - Foodies,456,"2,280.00","1,140.00",8/23/2020,8/25/2020,Shipped
693647,325698 - Readyfood,373,"1,865.00",932.5,8/21/2020,8/25/2020,Shipped
521134,985245 -Quick Bite,630,"3,150.00","1,575.00",8/20/2020,8/25/2020,Shipped
949215,985245 -Quick Bite,653,"3,265.00","1,632.50",8/22/2020,8/24/2020,Shipped
962892,FoodJunction,244,"1,220.00",610,8/20/2020,8/24/2020,Shipped
242192,325698 - Readyfood,335,"1,675.00",837.5,8/19/2020,8/24/2020,Shipped
358231,985245 -Quick Bite,994,"4,970.00","2,485.00",8/19/2020,8/24/2020,Shipped
766149,FoodJunction,327,"1,635.00",817.5,8/21/2020,8/23/2020,Shipped
848102,152689 - Zomato,884,"4,420.00","2,210.00",8/20/2020,8/23/2020,Shipped
974299,452584 - Foodies,351,"1,755.00",877.5,8/16/2020,8/21/2020,Shipped
758382,325698 - Readyfood,704,"3,520.00","1,760.00",8/16/2020,8/21/2020,Shipped
594827,FoodJunction,451,"2,255.00","1,127.50",8/16/2020,8/21/2020,Shipped
608406,FoodJunction,101,505,252.5,8/15/2020,8/20/2020,Shipped
381671,325698 - Readyfood,783,"3,915.00","1,957.50",8/15/2020,8/19/2020,Shipped
371715,325698 - Readyfood,196,980,490,8/16/2020,8/18/2020,Shipped
862369,985245 -Quick Bite,227,"1,135.00",567.5,8/15/2020,8/18/2020,Shipped
712438,FoodJunction,120,600,300,8/14/2020,8/18/2020,Shipped
534207,XXXXXX - Promo,129,645,322.5,8/14/2020,8/18/2020,Shipped
960683,985245 -Quick Bite,306,"1,530.00",765,8/14/2020,8/18/2020,Shipped
247821,152689 - Zomato,551,"2,755.00","1,377.50",8/12/2020,8/17/2020,Shipped
964607,325698 - Readyfood,282,"1,410.00",705,8/14/2020,8/16/2020,Shipped
302687,985245 -Quick Bite,806,"4,030.00","2,015.00",8/14/2020,8/16/2020,Shipped
873443,FoodJunction,750,"3,750.00","1,875.00",8/12/2020,8/16/2020,Shipped
395408,152689 - Zomato,882,"4,410.00","2,205.00",8/10/2020,8/15/2020,Shipped
859967,452584 - Foodies,835,"4,175.00","2,087.50",8/9/2020,8/14/2020,Shipped
519113,452584 - Foodies,750,"3,750.00","1,875.00",8/11/2020,8/13/2020,Shipped
264072,985245 -Quick Bite,421,"2,105.00","1,052.50",8/11/2020,8/13/2020,Shipped
886394,325698 - Readyfood,801,"4,005.00","2,002.50",8/9/2020,8/13/2020,Shipped
139007,325698 - Readyfood,136,680,340,8/9/2020,8/13/2020,Shipped
123764,325698 - Readyfood,790,"3,950.00","1,975.00",8/8/2020,8/13/2020,Shipped
791151,FoodJunction,788,"3,940.00","1,970.00",8/8/2020,8/13/2020,Shipped
262143,152689 - Zomato,260,"1,300.00",650,8/8/2020,8/13/2020,Shipped
471910,152689 - Zomato,937,"4,685.00","2,342.50",8/10/2020,8/12/2020,Shipped
266332,152689 - Zomato,964,"4,820.00","2,410.00",8/7/2020,8/12/2020,Shipped
498490,325698 - Readyfood,953,"4,765.00","2,382.50",8/7/2020,8/12/2020,Shipped
452305,985245 -Quick Bite,489,"2,445.00","1,222.50",8/9/2020,8/11/2020,Shipped
903389,FoodJunction,968,"4,840.00","2,420.00",8/8/2020,8/11/2020,Shipped
258586,152689 - Zomato,279,"1,395.00",697.5,8/7/2020,8/11/2020,Shipped
659259,325698 - Readyfood,922,"4,610.00","2,305.00",8/7/2020,8/11/2020,Shipped
395499,FoodJunction,530,"2,650.00","1,325.00",8/7/2020,8/11/2020,Shipped
116171,152689 - Zomato,211,"1,055.00",527.5,8/6/2020,8/11/2020,Shipped
703705,325698 - Readyfood,278,"1,390.00",695,8/2/2020,8/7/2020,Shipped
611832,325698 - Readyfood,294,"1,470.00",735,8/2/2020,8/7/2020,Shipped
794596,325698 - Readyfood,861,"4,305.00","2,152.50",8/1/2020,8/6/2020,Shipped
742400,325698 - Readyfood,430,"2,150.00","1,075.00",8/1/2020,8/6/2020,Shipped
860337,325698 - Readyfood,762,"3,810.00","1,905.00",8/2/2020,8/5/2020,Shipped
267734,325698 - Readyfood,350,"1,750.00",875,8/1/2020,8/5/2020,Shipped
188185,325698 - Readyfood,984,"4,920.00","2,460.00",7/30/2020,8/5/2020,Shipped
842917,FoodJunction,879,"4,395.00","2,197.50",7/31/2020,8/4/2020,Shipped
377090,FoodJunction,205,"1,025.00",512.5,7/30/2020,8/4/2020,Shipped
795903,FoodJunction,203,"1,015.00",507.5,7/29/2020,8/3/2020,Shipped
617130,152689 - Zomato,413,"2,065.00","1,032.50",7/29/2020,8/3/2020,Shipped
213667,152689 - Zomato,959,"4,795.00","2,397.50",7/27/2020,8/1/2020,Shipped
796392,152689 - Zomato,554,"2,770.00","1,385.00",7/27/2020,8/1/2020,Shipped
523951,325698 - Readyfood,753,"3,765.00","1,882.50",7/28/2020,7/31/2020,Shipped
XXXXXX,452584 - Foodies,799,"3,995.00","1,997.50",7/28/2020,7/30/2020,Shipped
713036,152689 - Zomato,120,600,300,7/26/2020,7/30/2020,Shipped
700836,452584 - Foodies,638,"3,190.00","1,595.00",7/25/2020,7/30/2020,Shipped
656435,325698 - Readyfood,446,"2,230.00","1,115.00",7/27/2020,7/29/2020,Shipped
720076,325698 - Readyfood,74,370,185,7/26/2020,7/29/2020,Shipped
788976,152689 - Zomato,995,"4,975.00","2,487.50",7/25/2020,7/29/2020,Shipped
125981,985245 -Quick Bite,730,"3,650.00","1,825.00",7/26/2020,7/28/2020,Shipped
425178,325698 - Readyfood,551,"2,755.00","1,377.50",7/26/2020,7/28/2020,Shipped
901049,985245 -Quick Bite,85,425,212.5,7/26/2020,7/28/2020,Shipped
299509,152689 - Zomato,603,"3,015.00","1,507.50",7/26/2020,7/28/2020,Shipped
883530,325698 - Readyfood,405,"2,025.00","1,012.50",7/24/2020,7/28/2020,Shipped
181476,FoodJunction,679,"3,395.00","1,697.50",7/23/2020,7/28/2020,Shipped
757342,985245 -Quick Bite,914,"4,570.00","2,285.00",7/23/2020,7/28/2020,Shipped
522597,FoodJunction,974,"4,870.00","2,435.00",7/23/2020,7/28/2020,Shipped
897313,FoodJunction,751,"3,755.00","1,877.50",7/22/2020,7/27/2020,Shipped
622196,FoodJunction,295,"1,475.00",737.5,7/24/2020,7/26/2020,Shipped
889173,452584 - Foodies,420,"2,100.00","1,050.00",7/21/2020,7/26/2020,Shipped
896104,325698 - Readyfood,674,"3,370.00","1,685.00",7/21/2020,7/26/2020,Shipped
715177,152689 - Zomato,567,"2,835.00","1,417.50",7/20/2020,7/25/2020,Shipped
870583,325698 - Readyfood,675,"3,375.00","1,687.50",7/22/2020,7/24/2020,Shipped
333890,325698 - Readyfood,990,"4,950.00","2,475.00",7/20/2020,7/24/2020,Shipped
755552,325698 - Readyfood,407,"2,035.00","1,017.50",7/19/2020,7/24/2020,Shipped
907373,152689 - Zomato,258,"1,290.00",645,7/21/2020,7/23/2020,Shipped
450396,325698 - Readyfood,366,"1,830.00",915,7/17/2020,7/22/2020,Shipped
594653,985245 -Quick Bite,479,"2,395.00","1,197.50",7/17/2020,7/22/2020,Shipped
817966,452584 - Foodies,504,"2,520.00","1,260.00",7/19/2020,7/21/2020,Shipped
790479,152689 - Zomato,418,"2,090.00","1,045.00",7/18/2020,7/21/2020,Shipped
647466,152689 - Zomato,551,"2,755.00","1,377.50",7/16/2020,7/21/2020,Shipped
244638,985245 -Quick Bite,506,"2,530.00","1,265.00",7/18/2020,7/20/2020,Shipped
807093,152689 - Zomato,388,"1,940.00",970,7/15/2020,7/20/2020,Shipped
774602,152689 - Zomato,415,"2,075.00","1,037.50",7/16/2020,7/18/2020,Shipped
357762,325698 - Readyfood,702,"3,510.00","1,755.00",7/12/2020,7/17/2020,Shipped
288076,FoodJunction,448,"2,240.00","1,120.00",7/12/2020,7/17/2020,Shipped
745043,325698 - Readyfood,319,"1,595.00",797.5,7/13/2020,7/16/2020,Shipped
315403,325698 - Readyfood,346,"1,730.00",865,7/12/2020,7/15/2020,Shipped
574269,325698 - Readyfood,273,"1,365.00",682.5,7/10/2020,7/15/2020,Shipped
883760,985245 -Quick Bite,198,990,495,7/10/2020,7/13/2020,Shipped
XXXXXX,152689 - Zomato,67,335,167.5,7/10/2020,7/12/2020,Shipped
XXXXXX,152689 - Zomato,265,"1,325.00",662.5,7/10/2020,7/12/2020,Shipped
490026,325698 - Readyfood,810,"4,050.00","2,025.00",7/8/2020,7/12/2020,Shipped
286070,FoodJunction,482,"2,410.00","1,205.00",7/8/2020,7/12/2020,Shipped
668496,FoodJunction,276,"1,380.00",690,7/8/2020,7/12/2020,Shipped
509533,152689 - Zomato,359,"1,795.00",897.5,7/7/2020,7/12/2020,Shipped
413522,FoodJunction,58,290,145,7/7/2020,7/12/2020,Shipped
863923,325698 - Readyfood,650,"3,250.00","1,625.00",7/7/2020,7/12/2020,Shipped
664028,FoodJunction,765,"3,825.00","1,912.50",7/9/2020,7/11/2020,Shipped
977702,452584 - Foodies,691,"3,455.00","1,727.50",7/9/2020,7/11/2020,Shipped
788829,325698 - Readyfood,69,345,172.5,7/6/2020,7/11/2020,Shipped
379102,325698 - Readyfood,763,"3,815.00","1,907.50",7/6/2020,7/11/2020,Shipped
597289,985245 -Quick Bite,551,"2,755.00","1,377.50",7/7/2020,7/10/2020,Shipped
616130,985245 -Quick Bite,176,880,440,7/5/2020,7/10/2020,Shipped
868809,325698 - Readyfood,842,"4,210.00","2,105.00",7/6/2020,7/9/2020,Shipped
768109,325698 - Readyfood,916,"4,580.00","2,290.00",7/6/2020,7/8/2020,Shipped
758970,985245 -Quick Bite,905,"4,525.00","2,262.50",7/6/2020,7/8/2020,Shipped
626811,152689 - Zomato,272,"1,360.00",680,7/3/2020,7/8/2020,Shipped
949983,985245 -Quick Bite,954,"4,770.00","2,385.00",7/5/2020,7/7/2020,Shipped
687286,FoodJunction,110,550,275,7/3/2020,7/7/2020,Shipped
223114,985245 -Quick Bite,754,"3,770.00","1,885.00",6/30/2020,7/5/2020,Shipped
170610,152689 - Zomato,60,300,150,7/2/2020,7/4/2020,Shipped
821188,325698 - Readyfood,98,490,245,7/1/2020,7/3/2020,Shipped
262822,985245 -Quick Bite,70,350,175,6/29/2020,7/3/2020,Shipped
881015,325698 - Readyfood,909,"4,545.00","2,272.50",6/30/2020,7/2/2020,Shipped
XXXXXX,985245 -Quick Bite,264,"1,320.00",660,6/29/2020,7/1/2020,Shipped
129744,XXXXXX - Promo,803,"4,015.00","2,007.50",6/29/2020,7/1/2020,Shipped
667776,325698 - Readyfood,397,"1,985.00",992.5,6/28/2020,7/1/2020,Shipped
863063,325698 - Readyfood,608,"3,040.00","1,520.00",6/28/2020,6/30/2020,Shipped
996001,985245 -Quick Bite,909,"4,545.00","2,272.50",6/25/2020,6/30/2020,Shipped
186064,152689 - Zomato,893,"4,465.00","2,232.50",6/26/2020,6/28/2020,Shipped
486982,152689 - Zomato,543,"2,715.00","1,357.50",6/24/2020,6/28/2020,Shipped
771577,325698 - Readyfood,269,"1,345.00",672.5,6/24/2020,6/27/2020,Shipped
455844,325698 - Readyfood,131,655,327.5,6/24/2020,6/26/2020,Shipped
436002,152689 - Zomato,855,"4,275.00","2,137.50",6/22/2020,6/26/2020,Shipped
935369,325698 - Readyfood,138,690,345,6/21/2020,6/26/2020,Shipped
531000,985245 -Quick Bite,933,"4,665.00","2,332.50",6/23/2020,6/25/2020,Shipped
688890,985245 -Quick Bite,177,885,442.5,6/21/2020,6/25/2020,Shipped
399148,325698 - Readyfood,668,"3,340.00","1,670.00",6/22/2020,6/24/2020,Shipped
389687,FoodJunction,527,"2,635.00","1,317.50",6/19/2020,6/23/2020,Shipped
129660,452584 - Foodies,770,"3,850.00","1,925.00",6/19/2020,6/21/2020,Shipped
764524,325698 - Readyfood,415,"2,075.00","1,037.50",6/18/2020,6/21/2020,Shipped
101665,325698 - Readyfood,439,"2,195.00","1,097.50",6/17/2020,6/21/2020,Shipped
744298,152689 - Zomato,996,"4,980.00","2,490.00",6/18/2020,6/20/2020,Shipped
756310,985245 -Quick Bite,929,"4,645.00","2,322.50",6/18/2020,6/20/2020,Shipped
498728,325698 - Readyfood,284,"1,420.00",710,6/17/2020,6/20/2020,Shipped
710463,FoodJunction,747,"3,735.00","1,867.50",6/17/2020,6/19/2020,Shipped
812634,FoodJunction,481,"2,405.00","1,202.50",6/17/2020,6/19/2020,Shipped
532406,325698 - Readyfood,393,"1,965.00",982.5,6/16/2020,6/18/2020,Shipped
767970,985245 -Quick Bite,201,"1,005.00",502.5,6/14/2020,6/18/2020,Shipped
909027,325698 - Readyfood,780,"3,900.00","1,950.00",6/13/2020,6/18/2020,Shipped
287331,325698 - Readyfood,242,"1,210.00",605,6/15/2020,6/17/2020,Shipped
XXXXXX,325698 - Readyfood,506,"2,530.00","1,265.00",6/14/2020,6/16/2020,Shipped
694947,FoodJunction,762,"3,810.00","1,905.00",6/13/2020,6/16/2020,Shipped
809843,152689 - Zomato,844,"4,220.00","2,110.00",6/12/2020,6/16/2020,Shipped
454334,325698 - Readyfood,635,"3,175.00","1,587.50",6/11/2020,6/15/2020,Shipped
514170,325698 - Readyfood,71,355,177.5,6/12/2020,6/14/2020,Shipped
728478,985245 -Quick Bite,929,"4,645.00","2,322.50",6/12/2020,6/14/2020,Shipped
729477,985245 -Quick Bite,291,"1,455.00",727.5,6/11/2020,6/14/2020,Shipped
423275,FoodJunction,882,"4,410.00","2,205.00",6/10/2020,6/14/2020,Shipped
455404,FoodJunction,193,965,482.5,6/10/2020,6/14/2020,Shipped
698027,FoodJunction,263,"1,315.00",657.5,6/9/2020,6/14/2020,Shipped
299720,152689 - Zomato,477,"2,385.00","1,192.50",6/11/2020,6/13/2020,Shipped
415384,985245 -Quick Bite,917,"4,585.00","2,292.50",6/10/2020,6/13/2020,Shipped
268071,FoodJunction,760,"3,800.00","1,900.00",6/9/2020,6/13/2020,Shipped
249727,985245 -Quick Bite,618,"3,090.00","1,545.00",6/7/2020,6/12/2020,Shipped
202402,FoodJunction,858,"4,290.00","2,145.00",6/6/2020,6/12/2020,Shipped
191395,325698 - Readyfood,352,"1,760.00",880,6/9/2020,6/11/2020,Shipped
260020,985245 -Quick Bite,128,640,320,6/9/2020,6/11/2020,Shipped
177313,452584 - Foodies,467,"2,335.00","1,167.50",6/8/2020,6/10/2020,Shipped
373450,325698 - Readyfood,952,"4,760.00","2,380.00",6/5/2020,6/10/2020,Shipped
842078,985245 -Quick Bite,301,"1,505.00",752.5,6/5/2020,6/10/2020,Shipped
224208,985245 -Quick Bite,85,425,212.5,6/4/2020,6/9/2020,Shipped
163968,152689 - Zomato,347,"1,735.00",867.5,6/4/2020,6/8/2020,Shipped
436627,452584 - Foodies,105,525,262.5,6/5/2020,6/7/2020,Shipped
988512,325698 - Readyfood,985,"4,925.00","2,462.50",6/3/2020,6/7/2020,Shipped
473495,985245 -Quick Bite,201,"1,005.00",502.5,6/3/2020,6/6/2020,Shipped
288173,985245 -Quick Bite,184,920,460,6/1/2020,6/6/2020,Shipped
164605,152689 - Zomato,638,"3,190.00","1,595.00",6/3/2020,6/5/2020,Shipped
981188,452584 - Foodies,292,"1,460.00",730,6/2/2020,6/5/2020,Shipped
329845,325698 - Readyfood,978,"4,890.00","2,445.00",6/1/2020,6/5/2020,Shipped
366820,985245 -Quick Bite,932,"4,660.00","2,330.00",6/1/2020,6/5/2020,Shipped
732908,985245 -Quick Bite,100,500,250,5/31/2020,6/5/2020,Shipped
953290,152689 - Zomato,372,"1,860.00",930,6/2/2020,6/4/2020,Shipped
799032,325698 - Readyfood,347,"1,735.00",867.5,5/31/2020,6/4/2020,Shipped
656266,152689 - Zomato,919,"4,595.00","2,297.50",5/29/2020,6/3/2020,Shipped
291825,452584 - Foodies,355,"1,775.00",887.5,5/29/2020,6/2/2020,Shipped
218945,325698 - Readyfood,89,445,222.5,5/28/2020,6/2/2020,Shipped
233677,152689 - Zomato,589,"2,945.00","1,472.50",5/28/2020,6/1/2020,Shipped
239778,985245 -Quick Bite,919,"4,595.00","2,297.50",5/28/2020,6/1/2020,Shipped
105474,985245 -Quick Bite,778,"3,890.00","1,945.00",5/27/2020,6/1/2020,Shipped
307671,152689 - Zomato,625,"3,125.00","1,562.50",5/28/2020,5/31/2020,Shipped
518860,152689 - Zomato,570,"2,850.00","1,425.00",5/26/2020,5/31/2020,Shipped
422559,325698 - Readyfood,301,"1,505.00",752.5,5/28/2020,5/30/2020,Shipped
410990,985245 -Quick Bite,971,"4,855.00","2,427.50",5/26/2020,5/30/2020,Shipped
950950,325698 - Readyfood,648,"3,240.00","1,620.00",5/26/2020,5/30/2020,Shipped
953313,985245 -Quick Bite,944,"4,720.00","2,360.00",5/25/2020,5/30/2020,Shipped
595599,FoodJunction,347,"1,735.00",867.5,5/24/2020,5/29/2020,Shipped
207346,325698 - Readyfood,116,580,290,5/25/2020,5/28/2020,Shipped
429471,325698 - Readyfood,251,"1,255.00",627.5,5/24/2020,5/28/2020,Shipped
787981,FoodJunction,987,"4,935.00","2,467.50",5/24/2020,5/28/2020,Shipped
248870,152689 - Zomato,841,"4,205.00","2,102.50",5/25/2020,5/27/2020,Shipped
796202,152689 - Zomato,972,"4,860.00","2,430.00",5/24/2020,5/26/2020,Shipped
544547,152689 - Zomato,136,680,340,5/22/2020,5/26/2020,Shipped
213185,985245 -Quick Bite,652,"3,260.00","1,630.00",5/21/2020,5/26/2020,Shipped
678357,FoodJunction,906,"4,530.00","2,265.00",5/23/2020,5/25/2020,Shipped
172220,FoodJunction,929,"4,645.00","2,322.50",5/22/2020,5/25/2020,Shipped
542236,152689 - Zomato,358,"1,790.00",895,5/21/2020,5/25/2020,Shipped
832396,985245 -Quick Bite,145,725,362.5,5/20/2020,5/25/2020,Shipped
967534,452584 - Foodies,299,"1,495.00",747.5,5/21/2020,5/23/2020,Shipped
981658,452584 - Foodies,465,"2,325.00","1,162.50",5/21/2020,5/23/2020,Shipped
229468,325698 - Readyfood,736,"3,680.00","1,840.00",5/18/2020,5/23/2020,Shipped
130163,FoodJunction,402,"2,010.00","1,005.00",5/18/2020,5/23/2020,Shipped
582390,152689 - Zomato,165,825,412.5,5/18/2020,5/22/2020,Shipped
196411,452584 - Foodies,660,"3,300.00","1,650.00",5/17/2020,5/22/2020,Shipped
520826,985245 -Quick Bite,73,365,182.5,5/17/2020,5/22/2020,Shipped
134307,FoodJunction,420,"2,100.00","1,050.00",5/19/2020,5/21/2020,Shipped
820195,985245 -Quick Bite,760,"3,800.00","1,900.00",5/16/2020,5/21/2020,Shipped
584927,FoodJunction,393,"1,965.00",982.5,5/18/2020,5/20/2020,Shipped
320352,152689 - Zomato,157,785,392.5,5/18/2020,5/20/2020,Shipped
391405,985245 -Quick Bite,668,"3,340.00","1,670.00",5/17/2020,5/20/2020,Shipped
122681,985245 -Quick Bite,410,"2,050.00","1,025.00",5/15/2020,5/20/2020,Shipped
700915,152689 - Zomato,535,"2,675.00","1,337.50",5/17/2020,5/19/2020,Shipped
238810,FoodJunction,583,"2,915.00","1,457.50",5/15/2020,5/19/2020,Shipped
232580,152689 - Zomato,734,"3,670.00","1,835.00",5/14/2020,5/19/2020,Shipped
170943,985245 -Quick Bite,908,"4,540.00","2,270.00",5/14/2020,5/19/2020,Shipped
600264,152689 - Zomato,171,855,427.5,5/16/2020,5/18/2020,Shipped
603783,152689 - Zomato,120,600,300,5/15/2020,5/17/2020,Shipped
470754,325698 - Readyfood,767,"3,835.00","1,917.50",5/14/2020,5/16/2020,Shipped
517276,325698 - Readyfood,338,"1,690.00",845,5/14/2020,5/16/2020,Shipped
371569,985245 -Quick Bite,483,"2,415.00","1,207.50",5/13/2020,5/16/2020,Shipped
750783,452584 - Foodies,590,"2,950.00","1,475.00",5/13/2020,5/16/2020,Shipped
591837,325698 - Readyfood,417,"2,085.00","1,042.50",5/12/2020,5/16/2020,Shipped
689105,325698 - Readyfood,110,550,275,5/11/2020,5/16/2020,Shipped
378436,452584 - Foodies,613,"3,065.00","1,532.50",5/13/2020,5/15/2020,Shipped
676406,325698 - Readyfood,798,"3,990.00","1,995.00",5/13/2020,5/15/2020,Shipped
519978,325698 - Readyfood,458,"2,290.00","1,145.00",5/12/2020,5/15/2020,Shipped
764722,985245 -Quick Bite,727,"3,635.00","1,817.50",5/12/2020,5/15/2020,Shipped
640601,FoodJunction,708,"3,540.00","1,770.00",5/11/2020,5/15/2020,Shipped
299284,FoodJunction,244,"1,220.00",610,5/10/2020,5/15/2020,Shipped
268020,325698 - Readyfood,928,"4,640.00","2,320.00",5/10/2020,5/15/2020,Shipped
879753,985245 -Quick Bite,837,"4,185.00","2,092.50",5/10/2020,5/15/2020,Shipped
936152,985245 -Quick Bite,944,"4,720.00","2,360.00",5/12/2020,5/14/2020,Shipped
499713,985245 -Quick Bite,89,445,222.5,5/12/2020,5/14/2020,Shipped
310825,FoodJunction,194,970,485,5/10/2020,5/14/2020,Shipped
620545,XXXXXX - Promo,259,"1,295.00",647.5,5/10/2020,5/14/2020,Shipped
840653,985245 -Quick Bite,807,"4,035.00","2,017.50",5/10/2020,5/14/2020,Shipped
873814,FoodJunction,876,"4,380.00","2,190.00",5/9/2020,5/14/2020,Shipped
173278,325698 - Readyfood,965,"4,825.00","2,412.50",5/9/2020,5/14/2020,Shipped
386913,325698 - Readyfood,394,"1,970.00",985,5/9/2020,5/14/2020,Shipped
506853,FoodJunction,991,"4,955.00","2,477.50",5/11/2020,5/13/2020,Shipped
415925,452584 - Foodies,100,500,250,5/10/2020,5/13/2020,Shipped
191172,325698 - Readyfood,921,"4,605.00","2,302.50",5/10/2020,5/12/2020,Shipped
606742,152689 - Zomato,231,"1,155.00",577.5,5/7/2020,5/11/2020,Shipped
747197,985245 -Quick Bite,827,"4,135.00","2,067.50",5/6/2020,5/11/2020,Shipped
713339,985245 -Quick Bite,620,"3,100.00","1,550.00",5/8/2020,5/10/2020,Shipped
551265,FoodJunction,448,"2,240.00","1,120.00",5/6/2020,5/8/2020,Shipped
410992,452584 - Foodies,140,700,350,5/4/2020,5/8/2020,Shipped
663743,152689 - Zomato,695,"3,475.00","1,737.50",5/3/2020,5/8/2020,Shipped
569081,452584 - Foodies,904,"4,520.00","2,260.00",5/4/2020,5/7/2020,Shipped
599823,325698 - Readyfood,652,"3,260.00","1,630.00",5/2/2020,5/6/2020,Shipped
382007,985245 -Quick Bite,397,"1,985.00",992.5,5/1/2020,5/5/2020,Shipped
371872,985245 -Quick Bite,80,400,200,4/29/2020,5/4/2020,Shipped
807234,985245 -Quick Bite,686,"3,430.00","1,715.00",5/1/2020,5/3/2020,Shipped
132449,FoodJunction,439,"2,195.00","1,097.50",4/30/2020,5/2/2020,Shipped
374306,152689 - Zomato,914,"4,570.00","2,285.00",4/27/2020,5/2/2020,Shipped
559957,325698 - Readyfood,423,"2,115.00","1,057.50",4/29/2020,5/1/2020,Shipped
172236,152689 - Zomato,549,"2,745.00","1,372.50",4/26/2020,5/1/2020,Shipped
109121,325698 - Readyfood,731,"3,655.00","1,827.50",4/25/2020,4/30/2020,Shipped
779128,FoodJunction,420,"2,100.00","1,050.00",4/25/2020,4/30/2020,Shipped
460966,FoodJunction,636,"3,180.00","1,590.00",4/27/2020,4/29/2020,Shipped
360458,152689 - Zomato,197,985,492.5,4/24/2020,4/29/2020,Shipped
661051,325698 - Readyfood,737,"3,685.00","1,842.50",4/26/2020,4/28/2020,Shipped
388109,325698 - Readyfood,280,"1,400.00",700,4/26/2020,4/28/2020,Shipped
611909,985245 -Quick Bite,679,"3,395.00","1,697.50",4/26/2020,4/28/2020,Shipped
408351,985245 -Quick Bite,94,470,235,4/25/2020,4/28/2020,Shipped
187524,FoodJunction,444,"2,220.00","1,110.00",4/24/2020,4/28/2020,Shipped
261881,325698 - Readyfood,417,"2,085.00","1,042.50",4/23/2020,4/28/2020,Shipped
284399,325698 - Readyfood,495,"2,475.00","1,237.50",4/23/2020,4/28/2020,Shipped
909954,152689 - Zomato,520,"2,600.00","1,300.00",4/23/2020,4/28/2020,Shipped
321694,452584 - Foodies,86,430,215,4/23/2020,4/27/2020,Shipped
104862,452584 - Foodies,762,"3,810.00","1,905.00",4/22/2020,4/27/2020,Shipped
696812,XXXXXX - Promo,313,"1,565.00",782.5,4/22/2020,4/27/2020,Shipped
838685,325698 - Readyfood,977,"4,885.00","2,442.50",4/22/2020,4/27/2020,Shipped
426160,985245 -Quick Bite,364,"1,820.00",910,4/24/2020,4/26/2020,Shipped
654577,FoodJunction,675,"3,375.00","1,687.50",4/22/2020,4/26/2020,Shipped
500420,FoodJunction,493,"2,465.00","1,232.50",4/21/2020,4/26/2020,Shipped
173213,325698 - Readyfood,261,"1,305.00",652.5,4/23/2020,4/25/2020,Shipped
323501,325698 - Readyfood,155,775,387.5,4/21/2020,4/25/2020,Shipped
923988,325698 - Readyfood,558,"2,790.00","1,395.00",4/21/2020,4/25/2020,Shipped
354693,152689 - Zomato,348,"1,740.00",870,4/20/2020,4/25/2020,Shipped
669186,FoodJunction,341,"1,705.00",852.5,4/20/2020,4/25/2020,Shipped
620319,152689 - Zomato,461,"2,305.00","1,152.50",4/20/2020,4/25/2020,Shipped
461009,325698 - Readyfood,872,"4,360.00","2,180.00",4/20/2020,4/25/2020,Shipped
XXXXXX,325698 - Readyfood,697,"3,485.00","1,742.50",4/22/2020,4/24/2020,Shipped
531762,FoodJunction,347,"1,735.00",867.5,4/22/2020,4/24/2020,Shipped
763307,452584 - Foodies,388,"1,940.00",970,4/22/2020,4/24/2020,Shipped
301082,325698 - Readyfood,142,710,355,4/22/2020,4/24/2020,Shipped
361731,985245 -Quick Bite,189,945,472.5,4/19/2020,4/24/2020,Shipped
542374,985245 -Quick Bite,329,"1,645.00",822.5,4/18/2020,4/23/2020,Shipped
192478,152689 - Zomato,151,755,377.5,4/18/2020,4/23/2020,Shipped
964066,152689 - Zomato,488,"2,440.00","1,220.00",4/20/2020,4/22/2020,Shipped
185297,152689 - Zomato,478,"2,390.00","1,195.00",4/19/2020,4/21/2020,Shipped
398594,FoodJunction,187,935,467.5,4/18/2020,4/20/2020,Shipped
826644,FoodJunction,142,710,355,4/17/2020,4/20/2020,Shipped
414602,FoodJunction,917,"4,585.00","2,292.50",4/17/2020,4/20/2020,Shipped
952948,152689 - Zomato,854,"4,270.00","2,135.00",4/17/2020,4/20/2020,Shipped
435904,325698 - Readyfood,389,"1,945.00",972.5,4/16/2020,4/20/2020,Shipped
386531,985245 -Quick Bite,364,"1,820.00",910,4/16/2020,4/20/2020,Shipped
433581,325698 - Readyfood,992,"4,960.00","2,480.00",4/17/2020,4/19/2020,Shipped
928769,985245 -Quick Bite,658,"3,290.00","1,645.00",4/15/2020,4/19/2020,Shipped
832868,FoodJunction,120,600,300,4/14/2020,4/19/2020,Shipped
502853,452584 - Foodies,226,"1,130.00",565,4/14/2020,4/18/2020,Shipped
241710,FoodJunction,453,"2,265.00","1,132.50",4/15/2020,4/17/2020,Shipped
473527,985245 -Quick Bite,963,"4,815.00","2,407.50",4/15/2020,4/17/2020,Shipped
923293,152689 - Zomato,355,"1,775.00",887.5,4/15/2020,4/17/2020,Shipped
351731,FoodJunction,131,655,327.5,4/13/2020,4/16/2020,Shipped
715072,985245 -Quick Bite,115,575,287.5,4/12/2020,4/16/2020,Shipped
543974,985245 -Quick Bite,703,"3,515.00","1,757.50",4/11/2020,4/15/2020,Shipped
233879,325698 - Readyfood,217,"1,085.00",542.5,4/10/2020,4/15/2020,Shipped
969109,985245 -Quick Bite,939,"4,695.00","2,347.50",4/10/2020,4/14/2020,Shipped
601857,985245 -Quick Bite,515,"2,575.00","1,287.50",4/9/2020,4/14/2020,Shipped
402176,152689 - Zomato,254,"1,270.00",635,4/8/2020,4/13/2020,Shipped
831419,985245 -Quick Bite,647,"3,235.00","1,617.50",4/10/2020,4/12/2020,Shipped
640149,152689 - Zomato,695,"3,475.00","1,737.50",4/10/2020,4/12/2020,Shipped
175073,985245 -Quick Bite,771,"3,855.00","1,927.50",4/7/2020,4/12/2020,Shipped
801534,985245 -Quick Bite,199,995,497.5,4/9/2020,4/11/2020,Shipped
218003,985245 -Quick Bite,729,"3,645.00","1,822.50",4/7/2020,4/11/2020,Shipped
173662,152689 - Zomato,285,"1,425.00",712.5,4/8/2020,4/10/2020,Shipped
358526,325698 - Readyfood,739,"3,695.00","1,847.50",4/7/2020,4/10/2020,Shipped
941144,985245 -Quick Bite,57,285,142.5,4/7/2020,4/9/2020,Shipped
320111,985245 -Quick Bite,808,"4,040.00","2,020.00",4/7/2020,4/9/2020,Shipped
538767,325698 - Readyfood,630,"3,150.00","1,575.00",4/7/2020,4/9/2020,Shipped
721461,325698 - Readyfood,565,"2,825.00","1,412.50",4/6/2020,4/9/2020,Shipped
930679,985245 -Quick Bite,490,"2,450.00","1,225.00",4/4/2020,4/9/2020,Shipped
853652,452584 - Foodies,758,"3,790.00","1,895.00",4/3/2020,4/8/2020,Shipped
882976,985245 -Quick Bite,523,"2,615.00","1,307.50",4/3/2020,4/8/2020,Shipped
416372,FoodJunction,924,"4,620.00","2,310.00",4/3/2020,4/8/2020,Shipped
560443,325698 - Readyfood,497,"2,485.00","1,242.50",4/5/2020,4/7/2020,Shipped
357734,325698 - Readyfood,817,"4,085.00","2,042.50",4/3/2020,4/7/2020,Shipped
167763,FoodJunction,169,845,422.5,4/1/2020,4/6/2020,Shipped
649356,XXXXXX - Promo,646,"3,230.00","1,615.00",4/1/2020,4/6/2020,Shipped
854531,985245 -Quick Bite,243,"1,215.00",607.5,4/2/2020,4/5/2020,Shipped
191433,985245 -Quick Bite,732,"3,660.00","1,830.00",4/1/2020,4/5/2020,Shipped
714562,152689 - Zomato,91,455,227.5,3/31/2020,4/5/2020,Shipped
358913,FoodJunction,223,"1,115.00",557.5,4/2/2020,4/4/2020,Shipped
150922,152689 - Zomato,568,"2,840.00","1,420.00",3/31/2020,4/4/2020,Shipped
XXXXXX,152689 - Zomato,956,"4,780.00","2,390.00",4/1/2020,4/3/2020,Shipped
932230,152689 - Zomato,762,"3,810.00","1,905.00",3/30/2020,4/3/2020,Shipped
686407,FoodJunction,913,"4,565.00","2,282.50",3/29/2020,4/3/2020,Shipped
568415,FoodJunction,768,"3,840.00","1,920.00",3/28/2020,4/2/2020,Shipped
331076,FoodJunction,394,"1,970.00",985,3/28/2020,4/2/2020,Shipped
377177,985245 -Quick Bite,471,"2,355.00","1,177.50",3/28/2020,4/2/2020,Shipped
252977,FoodJunction,947,"4,735.00","2,367.50",3/30/2020,4/1/2020,Shipped
312542,325698 - Readyfood,94,470,235,3/27/2020,4/1/2020,Shipped
957333,985245 -Quick Bite,736,"3,680.00","1,840.00",3/29/2020,3/31/2020,Shipped
803609,985245 -Quick Bite,657,"3,285.00","1,642.50",3/28/2020,3/31/2020,Shipped
224655,325698 - Readyfood,830,"4,150.00","2,075.00",3/26/2020,3/31/2020,Shipped
308180,452584 - Foodies,989,"4,945.00","2,472.50",3/28/2020,3/30/2020,Shipped
841911,325698 - Readyfood,406,"2,030.00","1,015.00",3/25/2020,3/30/2020,Shipped
825843,325698 - Readyfood,786,"3,930.00","1,965.00",3/22/2020,3/27/2020,Shipped
767604,FoodJunction,967,"4,835.00","2,417.50",3/22/2020,3/26/2020,Shipped
427825,FoodJunction,557,"2,785.00","1,392.50",3/21/2020,3/26/2020,Shipped
635236,985245 -Quick Bite,805,"4,025.00","2,012.50",3/21/2020,3/26/2020,Shipped
167709,FoodJunction,400,"2,000.00","1,000.00",3/23/2020,3/25/2020,Shipped
586519,325698 - Readyfood,402,"2,010.00","1,005.00",3/22/2020,3/25/2020,Shipped
713267,985245 -Quick Bite,718,"3,590.00","1,795.00",3/21/2020,3/25/2020,Shipped
830168,FoodJunction,259,"1,295.00",647.5,3/19/2020,3/24/2020,Shipped
825338,FoodJunction,686,"3,430.00","1,715.00",3/20/2020,3/23/2020,Shipped
499693,XXXXXX - Promo,243,"1,215.00",607.5,3/20/2020,3/22/2020,Shipped
545675,325698 - Readyfood,264,"1,320.00",660,3/18/2020,3/22/2020,Shipped
777140,985245 -Quick Bite,653,"3,265.00","1,632.50",3/17/2020,3/22/2020,Shipped
746956,452584 - Foodies,59,295,147.5,3/19/2020,3/21/2020,Shipped
738854,325698 - Readyfood,619,"3,095.00","1,547.50",3/18/2020,3/20/2020,Shipped
395187,FoodJunction,981,"4,905.00","2,452.50",3/16/2020,3/20/2020,Shipped
934639,152689 - Zomato,697,"3,485.00","1,742.50",3/15/2020,3/20/2020,Shipped
767547,325698 - Readyfood,329,"1,645.00",822.5,3/15/2020,3/20/2020,Shipped
277600,FoodJunction,815,"4,075.00","2,037.50",3/15/2020,3/20/2020,Shipped
848114,985245 -Quick Bite,215,"1,075.00",537.5,3/14/2020,3/19/2020,Shipped
632013,325698 - Readyfood,269,"1,345.00",672.5,3/16/2020,3/18/2020,Shipped
939569,325698 - Readyfood,565,"2,825.00","1,412.50",3/16/2020,3/18/2020,Shipped
782815,152689 - Zomato,903,"4,515.00","2,257.50",3/11/2020,3/16/2020,Shipped
815459,325698 - Readyfood,742,"3,710.00","1,855.00",3/11/2020,3/16/2020,Shipped
514936,985245 -Quick Bite,995,"4,975.00","2,487.50",3/11/2020,3/16/2020,Shipped
512936,452584 - Foodies,612,"3,060.00","1,530.00",3/11/2020,3/15/2020,Shipped
629045,325698 - Readyfood,194,970,485,3/11/2020,3/15/2020,Shipped
777008,985245 -Quick Bite,615,"3,075.00","1,537.50",3/12/2020,3/14/2020,Shipped
203432,FoodJunction,449,"2,245.00","1,122.50",3/11/2020,3/14/2020,Shipped
663066,FoodJunction,180,900,450,3/10/2020,3/14/2020,Shipped
230054,152689 - Zomato,207,"1,035.00",517.5,3/5/2020,3/10/2020,Shipped
413435,152689 - Zomato,185,925,462.5,3/6/2020,3/8/2020,Shipped
195875,985245 -Quick Bite,766,"3,830.00","1,915.00",3/3/2020,3/8/2020,Shipped
554811,325698 - Readyfood,83,415,207.5,3/3/2020,3/8/2020,Shipped
XXXXXX,325698 - Readyfood,96,480,240,3/5/2020,3/7/2020,Shipped
893502,325698 - Readyfood,137,685,342.5,3/4/2020,3/7/2020,Shipped
901430,325698 - Readyfood,489,"2,445.00","1,222.50",3/3/2020,3/7/2020,Shipped
320915,985245 -Quick Bite,756,"3,780.00","1,890.00",3/4/2020,3/6/2020,Shipped
276011,985245 -Quick Bite,562,"2,810.00","1,405.00",3/2/2020,3/5/2020,Shipped
165685,FoodJunction,183,915,457.5,3/1/2020,3/5/2020,Shipped
286175,152689 - Zomato,362,"1,810.00",905,3/1/2020,3/5/2020,Shipped
344527,325698 - Readyfood,947,"4,735.00","2,367.50",3/1/2020,3/3/2020,Shipped
513342,FoodJunction,579,"2,895.00","1,447.50",2/29/2020,3/2/2020,Shipped
949009,FoodJunction,528,"2,640.00","1,320.00",2/26/2020,3/2/2020,Shipped
317562,985245 -Quick Bite,50,250,125,2/26/2020,3/1/2020,Shipped
450083,152689 - Zomato,183,915,457.5,2/26/2020,3/1/2020,Shipped
805581,FoodJunction,110,550,275,2/26/2020,2/29/2020,Shipped
440770,XXXXXX - Promo,133,665,332.5,2/25/2020,2/29/2020,Shipped
969316,325698 - Readyfood,434,"2,170.00","1,085.00",2/24/2020,2/29/2020,Shipped
682658,152689 - Zomato,625,"3,125.00","1,562.50",2/23/2020,2/29/2020,Shipped
498260,152689 - Zomato,607,"3,035.00","1,517.50",2/24/2020,2/28/2020,Shipped
700857,325698 - Readyfood,737,"3,685.00","1,842.50",2/25/2020,2/27/2020,Shipped
375115,152689 - Zomato,668,"3,340.00","1,670.00",2/25/2020,2/27/2020,Shipped
222957,325698 - Readyfood,706,"3,530.00","1,765.00",2/25/2020,2/27/2020,Shipped
341318,325698 - Readyfood,445,"2,225.00","1,112.50",2/24/2020,2/26/2020,Shipped
804780,985245 -Quick Bite,890,"4,450.00","2,225.00",2/23/2020,2/26/2020,Shipped
259314,985245 -Quick Bite,545,"2,725.00","1,362.50",2/21/2020,2/26/2020,Shipped
310764,325698 - Readyfood,549,"2,745.00","1,372.50",2/23/2020,2/25/2020,Shipped
131682,FoodJunction,114,570,285,2/21/2020,2/25/2020,Shipped
802709,325698 - Readyfood,377,"1,885.00",942.5,2/20/2020,2/25/2020,Shipped
432100,FoodJunction,458,"2,290.00","1,145.00",2/22/2020,2/24/2020,Shipped
850734,152689 - Zomato,605,"3,025.00","1,512.50",2/22/2020,2/24/2020,Shipped
750278,985245 -Quick Bite,623,"3,115.00","1,557.50",2/22/2020,2/24/2020,Shipped
945519,985245 -Quick Bite,492,"2,460.00","1,230.00",2/19/2020,2/24/2020,Shipped
302424,152689 - Zomato,961,"4,805.00","2,402.50",2/18/2020,2/23/2020,Shipped
282889,325698 - Readyfood,826,"4,130.00","2,065.00",2/18/2020,2/23/2020,Shipped
235471,985245 -Quick Bite,837,"4,185.00","2,092.50",2/20/2020,2/22/2020,Shipped
842629,FoodJunction,214,"1,070.00",535,2/18/2020,2/22/2020,Shipped
338721,FoodJunction,300,"1,500.00",750,2/17/2020,2/22/2020,Shipped
231482,152689 - Zomato,669,"3,345.00","1,672.50",2/17/2020,2/22/2020,Shipped
XXXXXX,325698 - Readyfood,51,255,127.5,2/19/2020,2/21/2020,Shipped
697621,325698 - Readyfood,845,"4,225.00","2,112.50",2/19/2020,2/21/2020,Shipped
534136,985245 -Quick Bite,111,555,277.5,2/17/2020,2/21/2020,Shipped
855934,985245 -Quick Bite,618,"3,090.00","1,545.00",2/17/2020,2/19/2020,Shipped
565417,FoodJunction,472,"2,360.00","1,180.00",2/14/2020,2/19/2020,Shipped
713020,FoodJunction,486,"2,430.00","1,215.00",2/16/2020,2/18/2020,Shipped
329127,152689 - Zomato,913,"4,565.00","2,282.50",2/13/2020,2/18/2020,Shipped
397238,325698 - Readyfood,596,"2,980.00","1,490.00",2/15/2020,2/17/2020,Shipped
668846,985245 -Quick Bite,228,"1,140.00",570,2/13/2020,2/17/2020,Shipped
663142,325698 - Readyfood,150,750,375,2/12/2020,2/17/2020,Shipped
926175,152689 - Zomato,586,"2,930.00","1,465.00",2/12/2020,2/17/2020,Shipped
912560,152689 - Zomato,327,"1,635.00",817.5,2/12/2020,2/17/2020,Shipped
235610,452584 - Foodies,203,"1,015.00",507.5,2/11/2020,2/16/2020,Shipped
335368,325698 - Readyfood,327,"1,635.00",817.5,2/13/2020,2/15/2020,Shipped
658237,FoodJunction,130,650,325,2/10/2020,2/15/2020,Shipped
136212,152689 - Zomato,472,"2,360.00","1,180.00",2/12/2020,2/14/2020,Shipped
881762,452584 - Foodies,129,645,322.5,2/11/2020,2/14/2020,Shipped
572245,325698 - Readyfood,995,"4,975.00","2,487.50",2/10/2020,2/14/2020,Shipped
253217,325698 - Readyfood,273,"1,365.00",682.5,2/10/2020,2/14/2020,Shipped
442909,985245 -Quick Bite,633,"3,165.00","1,582.50",2/9/2020,2/13/2020,Shipped
825602,325698 - Readyfood,933,"4,665.00","2,332.50",2/9/2020,2/11/2020,Shipped
103614,152689 - Zomato,644,"3,220.00","1,610.00",2/6/2020,2/11/2020,Shipped
203725,152689 - Zomato,747,"3,735.00","1,867.50",2/8/2020,2/10/2020,Shipped
157449,985245 -Quick Bite,534,"2,670.00","1,335.00",2/7/2020,2/10/2020,Shipped
285891,152689 - Zomato,382,"1,910.00",955,2/6/2020,2/10/2020,Shipped
444570,152689 - Zomato,191,955,477.5,2/7/2020,2/9/2020,Shipped
925608,152689 - Zomato,550,"2,750.00","1,375.00",2/6/2020,2/9/2020,Shipped
971586,325698 - Readyfood,183,915,457.5,2/5/2020,2/9/2020,Shipped
113464,325698 - Readyfood,551,"2,755.00","1,377.50",2/4/2020,2/9/2020,Shipped
121840,985245 -Quick Bite,75,375,187.5,2/3/2020,2/9/2020,Shipped
344202,152689 - Zomato,295,"1,475.00",737.5,2/3/2020,2/8/2020,Shipped
549690,FoodJunction,280,"1,400.00",700,2/2/2020,2/7/2020,Shipped
128794,FoodJunction,189,945,472.5,2/2/2020,2/7/2020,Shipped
378622,152689 - Zomato,175,875,437.5,2/3/2020,2/5/2020,Shipped
184929,152689 - Zomato,569,"2,845.00","1,422.50",1/31/2020,2/5/2020,Shipped
782590,325698 - Readyfood,633,"3,165.00","1,582.50",1/31/2020,2/5/2020,Shipped
302295,FoodJunction,279,"1,395.00",697.5,1/31/2020,2/4/2020,Shipped
782218,152689 - Zomato,781,"3,905.00","1,952.50",1/31/2020,2/4/2020,Shipped
709527,XXXXXX - Promo,998,"4,990.00","2,495.00",1/30/2020,2/3/2020,Shipped
447104,325698 - Readyfood,962,"4,810.00","2,405.00",1/30/2020,2/3/2020,Shipped
336154,325698 - Readyfood,898,"4,490.00","2,245.00",1/29/2020,2/3/2020,Shipped
682397,985245 -Quick Bite,371,"1,855.00",927.5,1/29/2020,2/3/2020,Shipped
132602,FoodJunction,253,"1,265.00",632.5,1/29/2020,2/2/2020,Shipped
213063,325698 - Readyfood,453,"2,265.00","1,132.50",1/29/2020,2/1/2020,Shipped
169147,985245 -Quick Bite,482,"2,410.00","1,205.00",1/29/2020,1/31/2020,Shipped
352974,152689 - Zomato,66,330,165,1/27/2020,1/31/2020,Shipped
766445,325698 - Readyfood,983,"4,915.00","2,457.50",1/26/2020,1/31/2020,Shipped
983386,FoodJunction,543,"2,715.00","1,357.50",1/27/2020,1/30/2020,Shipped
184110,FoodJunction,693,"3,465.00","1,732.50",1/26/2020,1/29/2020,Shipped
457086,452584 - Foodies,667,"3,335.00","1,667.50",1/25/2020,1/29/2020,Shipped
264994,325698 - Readyfood,932,"4,660.00","2,330.00",1/25/2020,1/27/2020,Shipped
571302,152689 - Zomato,168,840,420,1/23/2020,1/25/2020,Shipped
109350,325698 - Readyfood,386,"1,930.00",965,1/20/2020,1/25/2020,Shipped
XXXXXX,985245 -Quick Bite,707,"3,535.00","1,767.50",1/22/2020,1/24/2020,Shipped
634736,FoodJunction,434,"2,170.00","1,085.00",1/19/2020,1/24/2020,Shipped
641612,325698 - Readyfood,512,"2,560.00","1,280.00",1/18/2020,1/23/2020,Shipped
785065,325698 - Readyfood,927,"4,635.00","2,317.50",1/20/2020,1/22/2020,Shipped
170961,325698 - Readyfood,206,"1,030.00",515,1/19/2020,1/22/2020,Shipped
422763,325698 - Readyfood,561,"2,805.00","1,402.50",1/18/2020,1/22/2020,Shipped
763516,FoodJunction,928,"4,640.00","2,320.00",1/18/2020,1/21/2020,Shipped
175701,985245 -Quick Bite,818,"4,090.00","2,045.00",1/17/2020,1/21/2020,Shipped
525673,FoodJunction,67,335,167.5,1/16/2020,1/21/2020,Shipped
474787,FoodJunction,418,"2,090.00","1,045.00",1/16/2020,1/21/2020,Shipped
872578,152689 - Zomato,960,"4,800.00","2,400.00",1/15/2020,1/21/2020,Shipped
351430,325698 - Readyfood,170,850,425,1/18/2020,1/20/2020,Shipped
416151,325698 - Readyfood,725,"3,625.00","1,812.50",1/18/2020,1/20/2020,Shipped
482898,985245 -Quick Bite,960,"4,800.00","2,400.00",1/18/2020,1/20/2020,Shipped
960203,FoodJunction,675,"3,375.00","1,687.50",1/16/2020,1/20/2020,Shipped
833478,FoodJunction,626,"3,130.00","1,565.00",1/15/2020,1/20/2020,Shipped
164255,152689 - Zomato,612,"3,060.00","1,530.00",1/17/2020,1/19/2020,Shipped
889695,985245 -Quick Bite,744,"3,720.00","1,860.00",1/14/2020,1/19/2020,Shipped
903587,FoodJunction,655,"3,275.00","1,637.50",1/14/2020,1/19/2020,Shipped
486986,152689 - Zomato,717,"3,585.00","1,792.50",1/13/2020,1/18/2020,Shipped
601990,325698 - Readyfood,659,"3,295.00","1,647.50",1/13/2020,1/18/2020,Shipped
911498,325698 - Readyfood,961,"4,805.00","2,402.50",1/15/2020,1/17/2020,Shipped
172252,FoodJunction,254,"1,270.00",635,1/15/2020,1/17/2020,Shipped
114259,985245 -Quick Bite,921,"4,605.00","2,302.50",1/15/2020,1/17/2020,Shipped
454549,152689 - Zomato,356,"1,780.00",890,1/11/2020,1/16/2020,Shipped
571372,985245 -Quick Bite,445,"2,225.00","1,112.50",1/11/2020,1/15/2020,Shipped
390803,FoodJunction,989,"4,945.00","2,472.50",1/12/2020,1/14/2020,Shipped
404256,152689 - Zomato,129,645,322.5,1/9/2020,1/14/2020,Shipped
656940,325698 - Readyfood,178,890,445,1/11/2020,1/13/2020,Shipped
166647,325698 - Readyfood,707,"3,535.00","1,767.50",1/7/2020,1/13/2020,Shipped
320588,452584 - Foodies,321,"1,605.00",802.5,1/10/2020,1/12/2020,Shipped
325135,325698 - Readyfood,621,"3,105.00","1,552.50",1/8/2020,1/12/2020,Shipped
743373,325698 - Readyfood,623,"3,115.00","1,557.50",1/7/2020,1/12/2020,Shipped
181706,FoodJunction,104,520,260,1/8/2020,1/11/2020,Shipped
910271,325698 - Readyfood,254,"1,270.00",635,1/6/2020,1/11/2020,Shipped
341474,985245 -Quick Bite,326,"1,630.00",815,1/7/2020,1/10/2020,Shipped
466025,152689 - Zomato,227,"1,135.00",567.5,1/7/2020,1/10/2020,Shipped
385875,325698 - Readyfood,54,270,135,1/6/2020,1/10/2020,Shipped
305997,325698 - Readyfood,715,"3,575.00","1,787.50",1/5/2020,1/10/2020,Shipped
249085,985245 -Quick Bite,430,"2,150.00","1,075.00",1/4/2020,1/9/2020,Shipped
453608,985245 -Quick Bite,788,"3,940.00","1,970.00",1/5/2020,1/8/2020,Shipped
357764,985245 -Quick Bite,432,"2,160.00","1,080.00",1/3/2020,1/8/2020,Shipped
384336,152689 - Zomato,447,"2,235.00","1,117.50",1/3/2020,1/8/2020,Shipped
651366,985245 -Quick Bite,282,"1,410.00",705,1/4/2020,1/7/2020,Shipped
822640,152689 - Zomato,451,"2,255.00","1,127.50",1/2/2020,1/7/2020,Shipped
XXXXXX,152689 - Zomato,947,"4,735.00","2,367.50",1/4/2020,1/6/2020,Shipped
157876,985245 -Quick Bite,191,955,477.5,1/4/2020,1/6/2020,Shipped
569763,FoodJunction,743,"3,715.00","1,857.50",1/1/2020,1/4/2020,Shipped
138128,325698 - Readyfood,717,"3,585.00","1,792.50",1/1/2020,1/3/2020,Shipped
